
-- 商品产地
INSERT INTO "public"."commodity_place_origin" ("place_origin_id", "commodity_place_pid", "place_origin_name", "created_time", "created_by", "updated_time", "updated_by", "deleted") VALUES (1087, 0, '[测试]越南', '2021-12-27 16:40:45.593', 1, '2021-12-27 16:40:45.593', 1, 0);
INSERT INTO "public"."commodity_place_origin" ("place_origin_id", "commodity_place_pid", "place_origin_name", "created_time", "created_by", "updated_time", "updated_by", "deleted") VALUES (1086, 1079, '[测试]贵州', '2021-12-27 16:40:45.512', 1, '2021-12-27 16:40:45.512', 1, 0);
INSERT INTO "public"."commodity_place_origin" ("place_origin_id", "commodity_place_pid", "place_origin_name", "created_time", "created_by", "updated_time", "updated_by", "deleted") VALUES (1085, 1079, '[测试]江西', '2021-12-27 16:40:45.417', 1, '2021-12-27 16:40:45.417', 1, 0);
INSERT INTO "public"."commodity_place_origin" ("place_origin_id", "commodity_place_pid", "place_origin_name", "created_time", "created_by", "updated_time", "updated_by", "deleted") VALUES (1084, 1079, '[测试]四川', '2021-12-27 16:40:45.326', 1, '2021-12-27 16:40:45.326', 1, 0);
INSERT INTO "public"."commodity_place_origin" ("place_origin_id", "commodity_place_pid", "place_origin_name", "created_time", "created_by", "updated_time", "updated_by", "deleted") VALUES (1083, 1080, '[测试]涪陵', '2021-12-27 16:40:45.222', 1, '2021-12-27 16:40:45.222', 1, 0);
INSERT INTO "public"."commodity_place_origin" ("place_origin_id", "commodity_place_pid", "place_origin_name", "created_time", "created_by", "updated_time", "updated_by", "deleted") VALUES (1082, 1080, '[测试]合川', '2021-12-27 16:40:45.113', 1, '2021-12-27 16:40:45.113', 1, 0);
INSERT INTO "public"."commodity_place_origin" ("place_origin_id", "commodity_place_pid", "place_origin_name", "created_time", "created_by", "updated_time", "updated_by", "deleted") VALUES (1081, 1080, '[测试]万州', '2021-12-27 16:40:45.02', 1, '2021-12-27 16:40:45.02', 1, 0);
INSERT INTO "public"."commodity_place_origin" ("place_origin_id", "commodity_place_pid", "place_origin_name", "created_time", "created_by", "updated_time", "updated_by", "deleted") VALUES (1080, 1079, '[测试]重庆', '2021-12-27 16:40:44.9', 1, '2021-12-27 16:40:44.9', 1, 0);
INSERT INTO "public"."commodity_place_origin" ("place_origin_id", "commodity_place_pid", "place_origin_name", "created_time", "created_by", "updated_time", "updated_by", "deleted") VALUES (1079, 0, '[测试]中国', '2021-12-27 16:40:44.793', 1, '2021-12-27 16:40:44.793', 1, 0);

-- 商品分类
INSERT INTO "public"."commodity_category" ("category_id", "commodity_type_id", "category_sort", "name_locale", "category_name", "created_time", "created_by", "updated_time", "updated_by", "deleted") VALUES (1088, 3, 1074, '{"zh-CN": "[测试]包装盒"}', '[测试]包装盒', '2021-12-27 16:40:47.542083', 1, '2021-12-27 16:40:47.542083', 1, 0);
INSERT INTO "public"."commodity_category" ("category_id", "commodity_type_id", "category_sort", "name_locale", "category_name", "created_time", "created_by", "updated_time", "updated_by", "deleted") VALUES (1087, 3, 1073, '{"zh-CN": "[测试]塑料袋"}', '[测试]塑料袋', '2021-12-27 16:40:47.37117', 1, '2021-12-27 16:40:47.37117', 1, 0);
INSERT INTO "public"."commodity_category" ("category_id", "commodity_type_id", "category_sort", "name_locale", "category_name", "created_time", "created_by", "updated_time", "updated_by", "deleted") VALUES (1086, 1, 1072, '{"zh-CN": "[测试]葡萄"}', '[测试]葡萄', '2021-12-27 16:40:47.136325', 1, '2021-12-27 16:40:47.136325', 1, 0);
INSERT INTO "public"."commodity_category" ("category_id", "commodity_type_id", "category_sort", "name_locale", "category_name", "created_time", "created_by", "updated_time", "updated_by", "deleted") VALUES (1085, 1, 1071, '{"zh-CN": "[测试]柚子"}', '[测试]柚子', '2021-12-27 16:40:46.966651', 1, '2021-12-27 16:40:46.966651', 1, 0);
INSERT INTO "public"."commodity_category" ("category_id", "commodity_type_id", "category_sort", "name_locale", "category_name", "created_time", "created_by", "updated_time", "updated_by", "deleted") VALUES (1084, 1, 1070, '{"zh-CN": "[测试]西红柿"}', '[测试]西红柿', '2021-12-27 16:40:46.789712', 1, '2021-12-27 16:40:46.789712', 1, 0);
INSERT INTO "public"."commodity_category" ("category_id", "commodity_type_id", "category_sort", "name_locale", "category_name", "created_time", "created_by", "updated_time", "updated_by", "deleted") VALUES (1083, 1, 1069, '{"zh-CN": "[测试]榴莲"}', '[测试]榴莲', '2021-12-27 16:40:46.636005', 1, '2021-12-27 16:40:46.636005', 1, 0);
INSERT INTO "public"."commodity_category" ("category_id", "commodity_type_id", "category_sort", "name_locale", "category_name", "created_time", "created_by", "updated_time", "updated_by", "deleted") VALUES (1082, 4, 1068, '{"zh-CN": "[测试]客户周转筐"}', '[测试]客户周转筐', '2021-12-27 16:40:46.416973', 1, '2021-12-27 16:40:46.416973', 1, 0);
INSERT INTO "public"."commodity_category" ("category_id", "commodity_type_id", "category_sort", "name_locale", "category_name", "created_time", "created_by", "updated_time", "updated_by", "deleted") VALUES (1081, 4, 1067, '{"zh-CN": "[测试]自备周转筐"}', '[测试]自备周转筐', '2021-12-27 16:40:46.256297', 1, '2021-12-27 16:40:46.256297', 1, 0);
INSERT INTO "public"."commodity_category" ("category_id", "commodity_type_id", "category_sort", "name_locale", "category_name", "created_time", "created_by", "updated_time", "updated_by", "deleted") VALUES (1080, 2, 1066, '{"zh-CN": "[测试]南瓜饼"}', '[测试]南瓜饼', '2021-12-27 16:40:46.094774', 1, '2021-12-27 16:40:46.094774', 1, 0);
INSERT INTO "public"."commodity_category" ("category_id", "commodity_type_id", "category_sort", "name_locale", "category_name", "created_time", "created_by", "updated_time", "updated_by", "deleted") VALUES (1079, 2, 1065, '{"zh-CN": "[测试]榴莲饼"}', '[测试]榴莲饼', '2021-12-27 16:40:45.937372', 1, '2021-12-27 16:40:45.937372', 1, 0);
INSERT INTO "public"."commodity_category" ("category_id", "commodity_type_id", "category_sort", "name_locale", "category_name", "created_time", "created_by", "updated_time", "updated_by", "deleted") VALUES (1078, 2, 1065, '{"zh-CN": "[测试]榴莲饼"}', '[测试]榴莲饼', '2021-12-27 16:12:09.511152', 1, '2021-12-27 16:12:09.511152', 1, 1);


-- 商品分类-产地关联关系
INSERT INTO "public"."commodity_category_origin" ("category_id", "place_origin_id") VALUES (1086, 1084);
INSERT INTO "public"."commodity_category_origin" ("category_id", "place_origin_id") VALUES (1086, 1082);
INSERT INTO "public"."commodity_category_origin" ("category_id", "place_origin_id") VALUES (1085, 1081);
INSERT INTO "public"."commodity_category_origin" ("category_id", "place_origin_id") VALUES (1085, 1086);


-- 商品分类-品种关联关系
INSERT INTO "public"."commodity_variety" ("variety_id", "variety_name", "category_id", "created_time", "created_by", "updated_time", "updated_by", "deleted") VALUES (10134, '玫瑰香', 1086, '2021-12-28 09:58:12.327', 1, '2021-12-28 09:58:12.327', 1, 0);
INSERT INTO "public"."commodity_variety" ("variety_id", "variety_name", "category_id", "created_time", "created_by", "updated_time", "updated_by", "deleted") VALUES (10133, '白香蕉', 1086, '2021-12-28 09:58:03.411', 1, '2021-12-28 09:58:03.411', 1, 0);
INSERT INTO "public"."commodity_variety" ("variety_id", "variety_name", "category_id", "created_time", "created_by", "updated_time", "updated_by", "deleted") VALUES (10132, '巨峰', 1086, '2021-12-28 09:57:56.156', 1, '2021-12-28 09:57:56.156', 1, 0);
INSERT INTO "public"."commodity_variety" ("variety_id", "variety_name", "category_id", "created_time", "created_by", "updated_time", "updated_by", "deleted") VALUES (10131, '牛心番茄', 1084, '2021-12-28 09:56:46.628', 1, '2021-12-28 09:56:46.628', 1, 0);
INSERT INTO "public"."commodity_variety" ("variety_id", "variety_name", "category_id", "created_time", "created_by", "updated_time", "updated_by", "deleted") VALUES (10130, '樱桃番茄', 1084, '2021-12-28 09:56:38.115', 1, '2021-12-28 09:56:38.115', 1, 0);


-- 商品
INSERT INTO "public"."commodity" ("commodity_id", "commodity_name", "name_locale", "commodity_type_id", "commodity_category_id", "commodity_variety_id", "commodity_place_origin_id", "create_time", "create_by", "updated_time", "updated_by", "deleted") VALUES (10277, '[测试]合川白香蕉葡萄', '{"zh-CN":"[测试]合川白香蕉葡萄","en-US":null,"th-TH":null,"vi-VN":null}', 1, 1086, 10133, 1082, '2021-12-28 11:00:33.493', 1, '2021-12-28 11:00:33.493', 1, 0);
INSERT INTO "public"."commodity" ("commodity_id", "commodity_name", "name_locale", "commodity_type_id", "commodity_category_id", "commodity_variety_id", "commodity_place_origin_id", "create_time", "create_by", "updated_time", "updated_by", "deleted") VALUES (10276, '[测试]四川巨峰葡萄', '{"zh-CN":"[测试]四川巨峰葡萄","en-US":null,"th-TH":null,"vi-VN":null}', 1, 1086, 10132, 1084, '2021-12-28 10:58:24.835', 1, '2021-12-28 10:58:24.835', 1, 0);
INSERT INTO "public"."commodity" ("commodity_id", "commodity_name", "name_locale", "commodity_type_id", "commodity_category_id", "commodity_variety_id", "commodity_place_origin_id", "create_time", "create_by", "updated_time", "updated_by", "deleted") VALUES (10275, '[测试]塑料包装盒', '{"zh-CN":"[测试]塑料包装盒","en-US":null,"th-TH":null,"vi-VN":null}', 3, 1088, 0, 0, '2021-12-28 10:47:29.975', 1, '2021-12-28 10:47:29.975', 1, 0);
INSERT INTO "public"."commodity" ("commodity_id", "commodity_name", "name_locale", "commodity_type_id", "commodity_category_id", "commodity_variety_id", "commodity_place_origin_id", "create_time", "create_by", "updated_time", "updated_by", "deleted") VALUES (10274, '[测试]南瓜饼', '{"zh-CN":"[测试]南瓜饼","en-US":null,"th-TH":null,"vi-VN":null}', 2, 1080, 0, 0, '2021-12-28 10:43:36.494', 1, '2021-12-28 10:43:36.494', 1, 0);
INSERT INTO "public"."commodity" ("commodity_id", "commodity_name", "name_locale", "commodity_type_id", "commodity_category_id", "commodity_variety_id", "commodity_place_origin_id", "create_time", "create_by", "updated_time", "updated_by", "deleted") VALUES (10273, '[测试]榴莲饼', '{"zh-CN":"[测试]榴莲饼","en-US":null,"th-TH":null,"vi-VN":null}', 2, 1079, 0, 0, '2021-12-28 10:39:54.958', 1, '2021-12-28 10:39:54.958', 1, 0);
INSERT INTO "public"."commodity" ("commodity_id", "commodity_name", "name_locale", "commodity_type_id", "commodity_category_id", "commodity_variety_id", "commodity_place_origin_id", "create_time", "create_by", "updated_time", "updated_by", "deleted") VALUES (10272, '[测试]手提袋', '{"zh-CN":"[测试]手提袋","en-US":null,"th-TH":null,"vi-VN":null}', 3, 1087, 0, 0, '2021-12-28 10:35:33.833', 1, '2021-12-28 10:35:33.833', 1, 0);
INSERT INTO "public"."commodity" ("commodity_id", "commodity_name", "name_locale", "commodity_type_id", "commodity_category_id", "commodity_variety_id", "commodity_place_origin_id", "create_time", "create_by", "updated_time", "updated_by", "deleted") VALUES (10271, '[测试]客户周转筐', '{"zh-CN":"[测试]客户周转筐","en-US":null,"th-TH":null,"vi-VN":null}', 4, 1082, 0, 0, '2021-12-28 10:28:24.595', 1, '2021-12-28 10:28:24.595', 1, 0);
INSERT INTO "public"."commodity" ("commodity_id", "commodity_name", "name_locale", "commodity_type_id", "commodity_category_id", "commodity_variety_id", "commodity_place_origin_id", "create_time", "create_by", "updated_time", "updated_by", "deleted") VALUES (10270, '[测试]自备周转筐', '{"zh-CN":"[测试]自备周转筐","en-US":null,"th-TH":null,"vi-VN":null}', 4, 1081, 0, 0, '2021-12-28 10:24:27.994', 1, '2021-12-28 10:24:27.994', 1, 0);

-- 商品规格
INSERT INTO "public"."commodity_spec" ("commodity_spec_id", "commodity_spec_name", "name_locale", "commodity_spec_sort", "commodity_id", "create_time", "create_by", "updated_time", "deleted", "name_sort") VALUES (10817, '口味', '{"zh-CN":"口味","en-US":null,"th-TH":null,"vi-VN":null}', 3, 10277, '2021-12-28 11:00:33.495', 1, '2021-12-28 11:00:33.495', 0, 3);
INSERT INTO "public"."commodity_spec" ("commodity_spec_id", "commodity_spec_name", "name_locale", "commodity_spec_sort", "commodity_id", "create_time", "create_by", "updated_time", "deleted", "name_sort") VALUES (10816, '等级', '{"zh-CN":"等级","en-US":null,"th-TH":null,"vi-VN":null}', 2, 10277, '2021-12-28 11:00:33.495', 1, '2021-12-28 11:00:33.495', 0, 2);
INSERT INTO "public"."commodity_spec" ("commodity_spec_id", "commodity_spec_name", "name_locale", "commodity_spec_sort", "commodity_id", "create_time", "create_by", "updated_time", "deleted", "name_sort") VALUES (10815, '大小', '{"zh-CN":"大小","en-US":null,"th-TH":null,"vi-VN":null}', 1, 10277, '2021-12-28 11:00:33.495', 1, '2021-12-28 11:00:33.495', 0, 1);
INSERT INTO "public"."commodity_spec" ("commodity_spec_id", "commodity_spec_name", "name_locale", "commodity_spec_sort", "commodity_id", "create_time", "create_by", "updated_time", "deleted", "name_sort") VALUES (10812, '大小', '{"zh-CN":"大小","en-US":null,"th-TH":null,"vi-VN":null}', 1, 10276, '2021-12-28 10:58:24.836', 1, '2021-12-28 10:58:24.836', 0, 1);
INSERT INTO "public"."commodity_spec" ("commodity_spec_id", "commodity_spec_name", "name_locale", "commodity_spec_sort", "commodity_id", "create_time", "create_by", "updated_time", "deleted", "name_sort") VALUES (10814, '包装规格', '{"zh-CN":"包装规格","en-US":null,"th-TH":null,"vi-VN":null}', 3, 10276, '2021-12-28 10:58:24.836', 1, '2021-12-28 10:58:24.836', 0, 3);
INSERT INTO "public"."commodity_spec" ("commodity_spec_id", "commodity_spec_name", "name_locale", "commodity_spec_sort", "commodity_id", "create_time", "create_by", "updated_time", "deleted", "name_sort") VALUES (10813, '成熟度', '{"zh-CN":"成熟度","en-US":null,"th-TH":null,"vi-VN":null}', 2, 10276, '2021-12-28 10:58:24.836', 1, '2021-12-28 10:58:24.836', 0, 2);
INSERT INTO "public"."commodity_spec" ("commodity_spec_id", "commodity_spec_name", "name_locale", "commodity_spec_sort", "commodity_id", "create_time", "create_by", "updated_time", "deleted", "name_sort") VALUES (10811, '颜色', '{"zh-CN":"颜色","en-US":null,"th-TH":null,"vi-VN":null}', 3, 10275, '2021-12-28 10:47:29.977', 1, '2021-12-28 10:47:29.977', 0, 3);
INSERT INTO "public"."commodity_spec" ("commodity_spec_id", "commodity_spec_name", "name_locale", "commodity_spec_sort", "commodity_id", "create_time", "create_by", "updated_time", "deleted", "name_sort") VALUES (10810, '重量', '{"zh-CN":"重量","en-US":null,"th-TH":null,"vi-VN":null}', 2, 10275, '2021-12-28 10:47:29.977', 1, '2021-12-28 10:47:29.977', 0, 2);
INSERT INTO "public"."commodity_spec" ("commodity_spec_id", "commodity_spec_name", "name_locale", "commodity_spec_sort", "commodity_id", "create_time", "create_by", "updated_time", "deleted", "name_sort") VALUES (10809, '品牌', '{"zh-CN":"品牌","en-US":null,"th-TH":null,"vi-VN":null}', 1, 10275, '2021-12-28 10:47:29.977', 1, '2021-12-28 10:47:29.977', 0, 1);
INSERT INTO "public"."commodity_spec" ("commodity_spec_id", "commodity_spec_name", "name_locale", "commodity_spec_sort", "commodity_id", "create_time", "create_by", "updated_time", "deleted", "name_sort") VALUES (10808, '包装颜色', '{"zh-CN":"包装颜色","en-US":null,"th-TH":null,"vi-VN":null}', 3, 10274, '2021-12-28 10:43:36.495', 1, '2021-12-28 10:43:36.495', 0, 3);
INSERT INTO "public"."commodity_spec" ("commodity_spec_id", "commodity_spec_name", "name_locale", "commodity_spec_sort", "commodity_id", "create_time", "create_by", "updated_time", "deleted", "name_sort") VALUES (10807, '甜度', '{"zh-CN":"甜度","en-US":null,"th-TH":null,"vi-VN":null}', 2, 10274, '2021-12-28 10:43:36.495', 1, '2021-12-28 10:43:36.495', 0, 2);
INSERT INTO "public"."commodity_spec" ("commodity_spec_id", "commodity_spec_name", "name_locale", "commodity_spec_sort", "commodity_id", "create_time", "create_by", "updated_time", "deleted", "name_sort") VALUES (10806, '品牌', '{"zh-CN":"品牌","en-US":null,"th-TH":null,"vi-VN":null}', 1, 10274, '2021-12-28 10:43:36.495', 1, '2021-12-28 10:43:36.495', 0, 1);
INSERT INTO "public"."commodity_spec" ("commodity_spec_id", "commodity_spec_name", "name_locale", "commodity_spec_sort", "commodity_id", "create_time", "create_by", "updated_time", "deleted", "name_sort") VALUES (10803, '品牌', '{"zh-CN":"品牌","en-US":null,"th-TH":null,"vi-VN":null}', 1, 10273, '2021-12-28 10:39:54.959', 1, '2021-12-28 10:39:54.959', 0, 1);
INSERT INTO "public"."commodity_spec" ("commodity_spec_id", "commodity_spec_name", "name_locale", "commodity_spec_sort", "commodity_id", "create_time", "create_by", "updated_time", "deleted", "name_sort") VALUES (10805, '包装颜色', '{"zh-CN":"包装颜色","en-US":null,"th-TH":null,"vi-VN":null}', 3, 10273, '2021-12-28 10:39:54.959', 1, '2021-12-28 10:39:54.959', 0, 3);
INSERT INTO "public"."commodity_spec" ("commodity_spec_id", "commodity_spec_name", "name_locale", "commodity_spec_sort", "commodity_id", "create_time", "create_by", "updated_time", "deleted", "name_sort") VALUES (10804, '份数', '{"zh-CN":"份数","en-US":null,"th-TH":null,"vi-VN":null}', 2, 10273, '2021-12-28 10:39:54.959', 1, '2021-12-28 10:39:54.959', 0, 2);
INSERT INTO "public"."commodity_spec" ("commodity_spec_id", "commodity_spec_name", "name_locale", "commodity_spec_sort", "commodity_id", "create_time", "create_by", "updated_time", "deleted", "name_sort") VALUES (10802, '样式', '{"zh-CN":"样式","en-US":null,"th-TH":null,"vi-VN":null}', 3, 10272, '2021-12-28 10:35:33.835', 1, '2021-12-28 10:35:33.835', 0, 3);
INSERT INTO "public"."commodity_spec" ("commodity_spec_id", "commodity_spec_name", "name_locale", "commodity_spec_sort", "commodity_id", "create_time", "create_by", "updated_time", "deleted", "name_sort") VALUES (10801, '颜色', '{"zh-CN":"颜色","en-US":null,"th-TH":null,"vi-VN":null}', 2, 10272, '2021-12-28 10:35:33.835', 1, '2021-12-28 10:35:33.835', 0, 2);
INSERT INTO "public"."commodity_spec" ("commodity_spec_id", "commodity_spec_name", "name_locale", "commodity_spec_sort", "commodity_id", "create_time", "create_by", "updated_time", "deleted", "name_sort") VALUES (10800, '规格', '{"zh-CN":"规格","en-US":null,"th-TH":null,"vi-VN":null}', 1, 10272, '2021-12-28 10:35:33.835', 1, '2021-12-28 10:35:33.835', 0, 1);
INSERT INTO "public"."commodity_spec" ("commodity_spec_id", "commodity_spec_name", "name_locale", "commodity_spec_sort", "commodity_id", "create_time", "create_by", "updated_time", "deleted", "name_sort") VALUES (10799, '个', '{"zh-CN":"个","en-US":null,"th-TH":null,"vi-VN":null}', 1, 10271, '2021-12-28 10:28:24.597', 1, '2021-12-28 10:28:24.597', 0, 1);
INSERT INTO "public"."commodity_spec" ("commodity_spec_id", "commodity_spec_name", "name_locale", "commodity_spec_sort", "commodity_id", "create_time", "create_by", "updated_time", "deleted", "name_sort") VALUES (10798, '个', '{"zh-CN":"个","en-US":null,"th-TH":null,"vi-VN":null}', 1, 10270, '2021-12-28 10:24:27.997', 1, '2021-12-28 10:24:27.997', 0, 1);

-- 商品规格选项
INSERT INTO "public"."commodity_spec_option" ("commodity_spec_option_id", "commodity_spec_option_name", "commodity_spec_id", "name_locale", "commodity_spec_option_sort", "commodity_id", "create_time", "create_by", "updated_time", "deleted") VALUES (102779, '脆甜', 10817, '{"zh-CN":"脆甜","en-US":null,"th-TH":null,"vi-VN":null}', 1, 10277, '2021-12-28 11:00:33.496', 1, '2021-12-28 11:00:33.496', 0);
INSERT INTO "public"."commodity_spec_option" ("commodity_spec_option_id", "commodity_spec_option_name", "commodity_spec_id", "name_locale", "commodity_spec_option_sort", "commodity_id", "create_time", "create_by", "updated_time", "deleted") VALUES (102774, '中', 10815, '{"zh-CN":"中","en-US":null,"th-TH":null,"vi-VN":null}', 2, 10277, '2021-12-28 11:00:33.496', 1, '2021-12-28 11:00:33.496', 0);
INSERT INTO "public"."commodity_spec_option" ("commodity_spec_option_id", "commodity_spec_option_name", "commodity_spec_id", "name_locale", "commodity_spec_option_sort", "commodity_id", "create_time", "create_by", "updated_time", "deleted") VALUES (102775, '小', 10815, '{"zh-CN":"小","en-US":null,"th-TH":null,"vi-VN":null}', 3, 10277, '2021-12-28 11:00:33.496', 1, '2021-12-28 11:00:33.496', 0);
INSERT INTO "public"."commodity_spec_option" ("commodity_spec_option_id", "commodity_spec_option_name", "commodity_spec_id", "name_locale", "commodity_spec_option_sort", "commodity_id", "create_time", "create_by", "updated_time", "deleted") VALUES (102776, '优质', 10816, '{"zh-CN":"优质","en-US":null,"th-TH":null,"vi-VN":null}', 1, 10277, '2021-12-28 11:00:33.496', 1, '2021-12-28 11:00:33.496', 0);
INSERT INTO "public"."commodity_spec_option" ("commodity_spec_option_id", "commodity_spec_option_name", "commodity_spec_id", "name_locale", "commodity_spec_option_sort", "commodity_id", "create_time", "create_by", "updated_time", "deleted") VALUES (102780, '香甜', 10817, '{"zh-CN":"香甜","en-US":null,"th-TH":null,"vi-VN":null}', 2, 10277, '2021-12-28 11:00:33.496', 1, '2021-12-28 11:00:33.496', 0);
INSERT INTO "public"."commodity_spec_option" ("commodity_spec_option_id", "commodity_spec_option_name", "commodity_spec_id", "name_locale", "commodity_spec_option_sort", "commodity_id", "create_time", "create_by", "updated_time", "deleted") VALUES (102773, '大', 10815, '{"zh-CN":"大","en-US":null,"th-TH":null,"vi-VN":null}', 1, 277, '2021-12-28 11:00:33.496', 1, '2021-12-28 11:00:33.496', 0);
INSERT INTO "public"."commodity_spec_option" ("commodity_spec_option_id", "commodity_spec_option_name", "commodity_spec_id", "name_locale", "commodity_spec_option_sort", "commodity_id", "create_time", "create_by", "updated_time", "deleted") VALUES (102777, '中等', 10816, '{"zh-CN":"中等","en-US":null,"th-TH":null,"vi-VN":null}', 2, 10277, '2021-12-28 11:00:33.496', 1, '2021-12-28 11:00:33.496', 0);
INSERT INTO "public"."commodity_spec_option" ("commodity_spec_option_id", "commodity_spec_option_name", "commodity_spec_id", "name_locale", "commodity_spec_option_sort", "commodity_id", "create_time", "create_by", "updated_time", "deleted") VALUES (102778, '普通', 10816, '{"zh-CN":"普通","en-US":null,"th-TH":null,"vi-VN":null}', 3, 10277, '2021-12-28 11:00:33.496', 1, '2021-12-28 11:00:33.496', 0);
INSERT INTO "public"."commodity_spec_option" ("commodity_spec_option_id", "commodity_spec_option_name", "commodity_spec_id", "name_locale", "commodity_spec_option_sort", "commodity_id", "create_time", "create_by", "updated_time", "deleted") VALUES (102772, '三斤装', 10814, '{"zh-CN":"三斤装","en-US":null,"th-TH":null,"vi-VN":null}', 2, 10276, '2021-12-28 10:58:24.838', 1, '2021-12-28 10:58:24.838', 0);
INSERT INTO "public"."commodity_spec_option" ("commodity_spec_option_id", "commodity_spec_option_name", "commodity_spec_id", "name_locale", "commodity_spec_option_sort", "commodity_id", "create_time", "create_by", "updated_time", "deleted") VALUES (102766, '绿果', 10813, '{"zh-CN":"绿果","en-US":null,"th-TH":null,"vi-VN":null}', 1, 10276, '2021-12-28 10:58:24.838', 1, '2021-12-28 10:58:24.838', 0);
INSERT INTO "public"."commodity_spec_option" ("commodity_spec_option_id", "commodity_spec_option_name", "commodity_spec_id", "name_locale", "commodity_spec_option_sort", "commodity_id", "create_time", "create_by", "updated_time", "deleted") VALUES (102769, '七分熟', 10813, '{"zh-CN":"七分熟","en-US":null,"th-TH":null,"vi-VN":null}', 4, 10276, '2021-12-28 10:58:24.838', 1, '2021-12-28 10:58:24.838', 0);
INSERT INTO "public"."commodity_spec_option" ("commodity_spec_option_id", "commodity_spec_option_name", "commodity_spec_id", "name_locale", "commodity_spec_option_sort", "commodity_id", "create_time", "create_by", "updated_time", "deleted") VALUES (102764, '中', 10812, '{"zh-CN":"中","en-US":null,"th-TH":null,"vi-VN":null}', 2, 10276, '2021-12-28 10:58:24.838', 1, '2021-12-28 10:58:24.838', 0);
INSERT INTO "public"."commodity_spec_option" ("commodity_spec_option_id", "commodity_spec_option_name", "commodity_spec_id", "name_locale", "commodity_spec_option_sort", "commodity_id", "create_time", "create_by", "updated_time", "deleted") VALUES (102768, '五分熟', 10813, '{"zh-CN":"五分熟","en-US":null,"th-TH":null,"vi-VN":null}', 3, 10276, '2021-12-28 10:58:24.838', 1, '2021-12-28 10:58:24.838', 0);
INSERT INTO "public"."commodity_spec_option" ("commodity_spec_option_id", "commodity_spec_option_name", "commodity_spec_id", "name_locale", "commodity_spec_option_sort", "commodity_id", "create_time", "create_by", "updated_time", "deleted") VALUES (102763, '大', 10812, '{"zh-CN":"大","en-US":null,"th-TH":null,"vi-VN":null}', 1, 10276, '2021-12-28 10:58:24.838', 1, '2021-12-28 10:58:24.838', 0);
INSERT INTO "public"."commodity_spec_option" ("commodity_spec_option_id", "commodity_spec_option_name", "commodity_spec_id", "name_locale", "commodity_spec_option_sort", "commodity_id", "create_time", "create_by", "updated_time", "deleted") VALUES (102770, '全熟', 10813, '{"zh-CN":"全熟","en-US":null,"th-TH":null,"vi-VN":null}', 5, 10276, '2021-12-28 10:58:24.838', 1, '2021-12-28 10:58:24.838', 0);
INSERT INTO "public"."commodity_spec_option" ("commodity_spec_option_id", "commodity_spec_option_name", "commodity_spec_id", "name_locale", "commodity_spec_option_sort", "commodity_id", "create_time", "create_by", "updated_time", "deleted") VALUES (102771, '五斤装', 10814, '{"zh-CN":"五斤装","en-US":null,"th-TH":null,"vi-VN":null}', 1, 10276, '2021-12-28 10:58:24.838', 1, '2021-12-28 10:58:24.838', 0);
INSERT INTO "public"."commodity_spec_option" ("commodity_spec_option_id", "commodity_spec_option_name", "commodity_spec_id", "name_locale", "commodity_spec_option_sort", "commodity_id", "create_time", "create_by", "updated_time", "deleted") VALUES (102765, '小', 10812, '{"zh-CN":"小","en-US":null,"th-TH":null,"vi-VN":null}', 3, 10276, '2021-12-28 10:58:24.838', 1, '2021-12-28 10:58:24.838', 0);
INSERT INTO "public"."commodity_spec_option" ("commodity_spec_option_id", "commodity_spec_option_name", "commodity_spec_id", "name_locale", "commodity_spec_option_sort", "commodity_id", "create_time", "create_by", "updated_time", "deleted") VALUES (102767, '三分熟', 10813, '{"zh-CN":"三分熟","en-US":null,"th-TH":null,"vi-VN":null}', 2, 10276, '2021-12-28 10:58:24.838', 1, '2021-12-28 10:58:24.838', 0);
INSERT INTO "public"."commodity_spec_option" ("commodity_spec_option_id", "commodity_spec_option_name", "commodity_spec_id", "name_locale", "commodity_spec_option_sort", "commodity_id", "create_time", "create_by", "updated_time", "deleted") VALUES (102760, '粉色', 10811, '{"zh-CN":"粉色","en-US":null,"th-TH":null,"vi-VN":null}', 1, 10275, '2021-12-28 10:47:29.978', 1, '2021-12-28 10:47:29.978', 0);
INSERT INTO "public"."commodity_spec_option" ("commodity_spec_option_id", "commodity_spec_option_name", "commodity_spec_id", "name_locale", "commodity_spec_option_sort", "commodity_id", "create_time", "create_by", "updated_time", "deleted") VALUES (102755, '龙舟', 10809, '{"zh-CN":"龙舟","en-US":null,"th-TH":null,"vi-VN":null}', 2, 10275, '2021-12-28 10:47:29.978', 1, '2021-12-28 10:47:29.978', 0);
INSERT INTO "public"."commodity_spec_option" ("commodity_spec_option_id", "commodity_spec_option_name", "commodity_spec_id", "name_locale", "commodity_spec_option_sort", "commodity_id", "create_time", "create_by", "updated_time", "deleted") VALUES (102762, '透明', 10811, '{"zh-CN":"透明","en-US":null,"th-TH":null,"vi-VN":null}', 3, 10275, '2021-12-28 10:47:29.978', 1, '2021-12-28 10:47:29.978', 0);
INSERT INTO "public"."commodity_spec_option" ("commodity_spec_option_id", "commodity_spec_option_name", "commodity_spec_id", "name_locale", "commodity_spec_option_sort", "commodity_id", "create_time", "create_by", "updated_time", "deleted") VALUES (102759, '3斤装', 10810, '{"zh-CN":"3斤装","en-US":null,"th-TH":null,"vi-VN":null}', 3, 10275, '2021-12-28 10:47:29.978', 1, '2021-12-28 10:47:29.978', 0);
INSERT INTO "public"."commodity_spec_option" ("commodity_spec_option_id", "commodity_spec_option_name", "commodity_spec_id", "name_locale", "commodity_spec_option_sort", "commodity_id", "create_time", "create_by", "updated_time", "deleted") VALUES (102756, '干尧', 10809, '{"zh-CN":"干尧","en-US":null,"th-TH":null,"vi-VN":null}', 3, 10275, '2021-12-28 10:47:29.978', 1, '2021-12-28 10:47:29.978', 0);
INSERT INTO "public"."commodity_spec_option" ("commodity_spec_option_id", "commodity_spec_option_name", "commodity_spec_id", "name_locale", "commodity_spec_option_sort", "commodity_id", "create_time", "create_by", "updated_time", "deleted") VALUES (102758, '1斤装', 10810, '{"zh-CN":"1斤装","en-US":null,"th-TH":null,"vi-VN":null}', 2, 10275, '2021-12-28 10:47:29.978', 1, '2021-12-28 10:47:29.978', 0);
INSERT INTO "public"."commodity_spec_option" ("commodity_spec_option_id", "commodity_spec_option_name", "commodity_spec_id", "name_locale", "commodity_spec_option_sort", "commodity_id", "create_time", "create_by", "updated_time", "deleted") VALUES (102754, '丛林王', 10809, '{"zh-CN":"丛林王","en-US":null,"th-TH":null,"vi-VN":null}', 1, 10275, '2021-12-28 10:47:29.978', 1, '2021-12-28 10:47:29.978', 0);
INSERT INTO "public"."commodity_spec_option" ("commodity_spec_option_id", "commodity_spec_option_name", "commodity_spec_id", "name_locale", "commodity_spec_option_sort", "commodity_id", "create_time", "create_by", "updated_time", "deleted") VALUES (102757, '半斤装', 10810, '{"zh-CN":"半斤装","en-US":null,"th-TH":null,"vi-VN":null}', 1, 10275, '2021-12-28 10:47:29.978', 1, '2021-12-28 10:47:29.978', 0);
INSERT INTO "public"."commodity_spec_option" ("commodity_spec_option_id", "commodity_spec_option_name", "commodity_spec_id", "name_locale", "commodity_spec_option_sort", "commodity_id", "create_time", "create_by", "updated_time", "deleted") VALUES (102761, '白色', 10811, '{"zh-CN":"白色","en-US":null,"th-TH":null,"vi-VN":null}', 2, 10275, '2021-12-28 10:47:29.978', 1, '2021-12-28 10:47:29.978', 0);
INSERT INTO "public"."commodity_spec_option" ("commodity_spec_option_id", "commodity_spec_option_name", "commodity_spec_id", "name_locale", "commodity_spec_option_sort", "commodity_id", "create_time", "create_by", "updated_time", "deleted") VALUES (102752, '红色', 10808, '{"zh-CN":"红色","en-US":null,"th-TH":null,"vi-VN":null}', 2, 10274, '2021-12-28 10:43:36.496', 1, '2021-12-28 10:43:36.496', 0);
INSERT INTO "public"."commodity_spec_option" ("commodity_spec_option_id", "commodity_spec_option_name", "commodity_spec_id", "name_locale", "commodity_spec_option_sort", "commodity_id", "create_time", "create_by", "updated_time", "deleted") VALUES (102751, '白色', 10808, '{"zh-CN":"白色","en-US":null,"th-TH":null,"vi-VN":null}', 1, 10274, '2021-12-28 10:43:36.496', 1, '2021-12-28 10:43:36.496', 0);
INSERT INTO "public"."commodity_spec_option" ("commodity_spec_option_id", "commodity_spec_option_name", "commodity_spec_id", "name_locale", "commodity_spec_option_sort", "commodity_id", "create_time", "create_by", "updated_time", "deleted") VALUES (102753, '绿色', 10808, '{"zh-CN":"绿色","en-US":null,"th-TH":null,"vi-VN":null}', 3, 10274, '2021-12-28 10:43:36.496', 1, '2021-12-28 10:43:36.496', 0);
INSERT INTO "public"."commodity_spec_option" ("commodity_spec_option_id", "commodity_spec_option_name", "commodity_spec_id", "name_locale", "commodity_spec_option_sort", "commodity_id", "create_time", "create_by", "updated_time", "deleted") VALUES (102750, '非常甜', 10807, '{"zh-CN":"非常甜","en-US":null,"th-TH":null,"vi-VN":null}', 3, 10274, '2021-12-28 10:43:36.496', 1, '2021-12-28 10:43:36.496', 0);
INSERT INTO "public"."commodity_spec_option" ("commodity_spec_option_id", "commodity_spec_option_name", "commodity_spec_id", "name_locale", "commodity_spec_option_sort", "commodity_id", "create_time", "create_by", "updated_time", "deleted") VALUES (102746, 'HJ', 10806, '{"zh-CN":"HJ","en-US":null,"th-TH":null,"vi-VN":null}', 1, 10274, '2021-12-28 10:43:36.496', 1, '2021-12-28 10:43:36.496', 0);
INSERT INTO "public"."commodity_spec_option" ("commodity_spec_option_id", "commodity_spec_option_name", "commodity_spec_id", "name_locale", "commodity_spec_option_sort", "commodity_id", "create_time", "create_by", "updated_time", "deleted") VALUES (102749, '中甜', 10807, '{"zh-CN":"中甜","en-US":null,"th-TH":null,"vi-VN":null}', 2, 10274, '2021-12-28 10:43:36.496', 1, '2021-12-28 10:43:36.496', 0);
INSERT INTO "public"."commodity_spec_option" ("commodity_spec_option_id", "commodity_spec_option_name", "commodity_spec_id", "name_locale", "commodity_spec_option_sort", "commodity_id", "create_time", "create_by", "updated_time", "deleted") VALUES (102747, '龙舟', 10806, '{"zh-CN":"龙舟","en-US":null,"th-TH":null,"vi-VN":null}', 2, 10274, '2021-12-28 10:43:36.496', 1, '2021-12-28 10:43:36.496', 0);
INSERT INTO "public"."commodity_spec_option" ("commodity_spec_option_id", "commodity_spec_option_name", "commodity_spec_id", "name_locale", "commodity_spec_option_sort", "commodity_id", "create_time", "create_by", "updated_time", "deleted") VALUES (102748, '微甜', 10807, '{"zh-CN":"微甜","en-US":null,"th-TH":null,"vi-VN":null}', 1, 10274, '2021-12-28 10:43:36.496', 1, '2021-12-28 10:43:36.496', 0);
INSERT INTO "public"."commodity_spec_option" ("commodity_spec_option_id", "commodity_spec_option_name", "commodity_spec_id", "name_locale", "commodity_spec_option_sort", "commodity_id", "create_time", "create_by", "updated_time", "deleted") VALUES (102745, '白色', 10805, '{"zh-CN":"白色","en-US":null,"th-TH":null,"vi-VN":null}', 3, 10273, '2021-12-28 10:39:54.961', 1, '2021-12-28 10:39:54.961', 0);
INSERT INTO "public"."commodity_spec_option" ("commodity_spec_option_id", "commodity_spec_option_name", "commodity_spec_id", "name_locale", "commodity_spec_option_sort", "commodity_id", "create_time", "create_by", "updated_time", "deleted") VALUES (102744, '粉色', 10805, '{"zh-CN":"粉色","en-US":null,"th-TH":null,"vi-VN":null}', 2, 10273, '2021-12-28 10:39:54.961', 1, '2021-12-28 10:39:54.961', 0);
INSERT INTO "public"."commodity_spec_option" ("commodity_spec_option_id", "commodity_spec_option_name", "commodity_spec_id", "name_locale", "commodity_spec_option_sort", "commodity_id", "create_time", "create_by", "updated_time", "deleted") VALUES (102743, '红色', 10805, '{"zh-CN":"红色","en-US":null,"th-TH":null,"vi-VN":null}', 1, 10273, '2021-12-28 10:39:54.961', 1, '2021-12-28 10:39:54.961', 0);
INSERT INTO "public"."commodity_spec_option" ("commodity_spec_option_id", "commodity_spec_option_name", "commodity_spec_id", "name_locale", "commodity_spec_option_sort", "commodity_id", "create_time", "create_by", "updated_time", "deleted") VALUES (102742, '8', 10804, '{"zh-CN":"8","en-US":null,"th-TH":null,"vi-VN":null}', 3, 10273, '2021-12-28 10:39:54.961', 1, '2021-12-28 10:39:54.961', 0);
INSERT INTO "public"."commodity_spec_option" ("commodity_spec_option_id", "commodity_spec_option_name", "commodity_spec_id", "name_locale", "commodity_spec_option_sort", "commodity_id", "create_time", "create_by", "updated_time", "deleted") VALUES (102741, '6', 10804, '{"zh-CN":"6","en-US":null,"th-TH":null,"vi-VN":null}', 2, 10273, '2021-12-28 10:39:54.961', 1, '2021-12-28 10:39:54.961', 0);
INSERT INTO "public"."commodity_spec_option" ("commodity_spec_option_id", "commodity_spec_option_name", "commodity_spec_id", "name_locale", "commodity_spec_option_sort", "commodity_id", "create_time", "create_by", "updated_time", "deleted") VALUES (102740, '4', 10804, '{"zh-CN":"4","en-US":null,"th-TH":null,"vi-VN":null}', 1, 10273, '2021-12-28 10:39:54.961', 1, '2021-12-28 10:39:54.961', 0);
INSERT INTO "public"."commodity_spec_option" ("commodity_spec_option_id", "commodity_spec_option_name", "commodity_spec_id", "name_locale", "commodity_spec_option_sort", "commodity_id", "create_time", "create_by", "updated_time", "deleted") VALUES (102739, '龙舟', 10803, '{"zh-CN":"龙舟","en-US":null,"th-TH":null,"vi-VN":null}', 2, 10273, '2021-12-28 10:39:54.961', 1, '2021-12-28 10:39:54.961', 0);
INSERT INTO "public"."commodity_spec_option" ("commodity_spec_option_id", "commodity_spec_option_name", "commodity_spec_id", "name_locale", "commodity_spec_option_sort", "commodity_id", "create_time", "create_by", "updated_time", "deleted") VALUES (102738, 'HJ', 10803, '{"zh-CN":"HJ","en-US":null,"th-TH":null,"vi-VN":null}', 1, 10273, '2021-12-28 10:39:54.961', 1, '2021-12-28 10:39:54.961', 0);
INSERT INTO "public"."commodity_spec_option" ("commodity_spec_option_id", "commodity_spec_option_name", "commodity_spec_id", "name_locale", "commodity_spec_option_sort", "commodity_id", "create_time", "create_by", "updated_time", "deleted") VALUES (102737, '30#笑脸10', 10802, '{"zh-CN":"30#笑脸","en-US":null,"th-TH":null,"vi-VN":null}', 4, 10272, '2021-12-28 10:35:33.836', 1, '2021-12-28 10:35:33.836', 0);
INSERT INTO "public"."commodity_spec_option" ("commodity_spec_option_id", "commodity_spec_option_name", "commodity_spec_id", "name_locale", "commodity_spec_option_sort", "commodity_id", "create_time", "create_by", "updated_time", "deleted") VALUES (102736, '26#笑脸10', 10802, '{"zh-CN":"26#笑脸","en-US":null,"th-TH":null,"vi-VN":null}', 3, 10272, '2021-12-28 10:35:33.836', 1, '2021-12-28 10:35:33.836', 0);
INSERT INTO "public"."commodity_spec_option" ("commodity_spec_option_id", "commodity_spec_option_name", "commodity_spec_id", "name_locale", "commodity_spec_option_sort", "commodity_id", "create_time", "create_by", "updated_time", "deleted") VALUES (102735, '24#笑脸10', 10802, '{"zh-CN":"24#笑脸","en-US":null,"th-TH":null,"vi-VN":null}', 2, 10272, '2021-12-28 10:35:33.836', 1, '2021-12-28 10:35:33.836', 0);
INSERT INTO "public"."commodity_spec_option" ("commodity_spec_option_id", "commodity_spec_option_name", "commodity_spec_id", "name_locale", "commodity_spec_option_sort", "commodity_id", "create_time", "create_by", "updated_time", "deleted") VALUES (102734, '20#笑脸10', 10802, '{"zh-CN":"20#笑脸","en-US":null,"th-TH":null,"vi-VN":null}', 1, 10272, '2021-12-28 10:35:33.836', 1, '2021-12-28 10:35:33.836', 0);
INSERT INTO "public"."commodity_spec_option" ("commodity_spec_option_id", "commodity_spec_option_name", "commodity_spec_id", "name_locale", "commodity_spec_option_sort", "commodity_id", "create_time", "create_by", "updated_time", "deleted") VALUES (102733, '黑色', 10801, '{"zh-CN":"黑色","en-US":null,"th-TH":null,"vi-VN":null}', 3, 10272, '2021-12-28 10:35:33.836', 1, '2021-12-28 10:35:33.836', 0);
INSERT INTO "public"."commodity_spec_option" ("commodity_spec_option_id", "commodity_spec_option_name", "commodity_spec_id", "name_locale", "commodity_spec_option_sort", "commodity_id", "create_time", "create_by", "updated_time", "deleted") VALUES (102732, '透明', 10801, '{"zh-CN":"透明","en-US":null,"th-TH":null,"vi-VN":null}', 2, 10272, '2021-12-28 10:35:33.836', 1, '2021-12-28 10:35:33.836', 0);
INSERT INTO "public"."commodity_spec_option" ("commodity_spec_option_id", "commodity_spec_option_name", "commodity_spec_id", "name_locale", "commodity_spec_option_sort", "commodity_id", "create_time", "create_by", "updated_time", "deleted") VALUES (102731, '红色', 10801, '{"zh-CN":"红色","en-US":null,"th-TH":null,"vi-VN":null}', 1, 10272, '2021-12-28 10:35:33.836', 1, '2021-12-28 10:35:33.836', 0);
INSERT INTO "public"."commodity_spec_option" ("commodity_spec_option_id", "commodity_spec_option_name", "commodity_spec_id", "name_locale", "commodity_spec_option_sort", "commodity_id", "create_time", "create_by", "updated_time", "deleted") VALUES (102730, '5斤装', 10800, '{"zh-CN":"5斤装","en-US":null,"th-TH":null,"vi-VN":null}', 3, 10272, '2021-12-28 10:35:33.836', 1, '2021-12-28 10:35:33.836', 0);
INSERT INTO "public"."commodity_spec_option" ("commodity_spec_option_id", "commodity_spec_option_name", "commodity_spec_id", "name_locale", "commodity_spec_option_sort", "commodity_id", "create_time", "create_by", "updated_time", "deleted") VALUES (102729, '3斤装', 10800, '{"zh-CN":"3斤装","en-US":null,"th-TH":null,"vi-VN":null}', 2, 10272, '2021-12-28 10:35:33.836', 1, '2021-12-28 10:35:33.836', 0);
INSERT INTO "public"."commodity_spec_option" ("commodity_spec_option_id", "commodity_spec_option_name", "commodity_spec_id", "name_locale", "commodity_spec_option_sort", "commodity_id", "create_time", "create_by", "updated_time", "deleted") VALUES (102728, '1斤装', 10800, '{"zh-CN":"1斤装","en-US":null,"th-TH":null,"vi-VN":null}', 1, 10272, '2021-12-28 10:35:33.836', 1, '2021-12-28 10:35:33.836', 0);
INSERT INTO "public"."commodity_spec_option" ("commodity_spec_option_id", "commodity_spec_option_name", "commodity_spec_id", "name_locale", "commodity_spec_option_sort", "commodity_id", "create_time", "create_by", "updated_time", "deleted") VALUES (102727, '个', 10799, '{"zh-CN":"个","en-US":null,"th-TH":null,"vi-VN":null}', 1, 10271, '2021-12-28 10:28:24.598', 1, '2021-12-28 10:28:24.598', 0);
INSERT INTO "public"."commodity_spec_option" ("commodity_spec_option_id", "commodity_spec_option_name", "commodity_spec_id", "name_locale", "commodity_spec_option_sort", "commodity_id", "create_time", "create_by", "updated_time", "deleted") VALUES (102726, '个', 10798, '{"zh-CN":"个","en-US":null,"th-TH":null,"vi-VN":null}', 1, 10270, '2021-12-28 10:24:28.004', 1, '2021-12-28 10:24:28.004', 0);


-- 商品sku
INSERT INTO "public"."commodity_sku" ("commodity_sku_id", "commodity_id", "commodity_spec_id", "commodity_spec_option_id", "revision", "create_time", "create_by", "updated_time", "updated_by", "deleted", "commodity_sku_name") VALUES (10156229, 10277, '{10816}', '{102778}', 1, '2021-12-28 11:00:51.318', 1, '2021-12-28 11:00:51.318', 1, 0, '[测试]合川白香蕉葡萄普通');
INSERT INTO "public"."commodity_sku" ("commodity_sku_id", "commodity_id", "commodity_spec_id", "commodity_spec_option_id", "revision", "create_time", "create_by", "updated_time", "updated_by", "deleted", "commodity_sku_name") VALUES (10156228, 10277, '{10816}', '{102777}', 1, '2021-12-28 11:00:51.318', 1, '2021-12-28 11:00:51.318', 1, 0, '[测试]合川白香蕉葡萄中等');
INSERT INTO "public"."commodity_sku" ("commodity_sku_id", "commodity_id", "commodity_spec_id", "commodity_spec_option_id", "revision", "create_time", "create_by", "updated_time", "updated_by", "deleted", "commodity_sku_name") VALUES (10156227, 10277, '{10816}', '{102776}', 1, '2021-12-28 11:00:51.318', 1, '2021-12-28 11:00:51.318', 1, 0, '[测试]合川白香蕉葡萄优质');
INSERT INTO "public"."commodity_sku" ("commodity_sku_id", "commodity_id", "commodity_spec_id", "commodity_spec_option_id", "revision", "create_time", "create_by", "updated_time", "updated_by", "deleted", "commodity_sku_name") VALUES (10156226, 10277, '{10815}', '{102775}', 1, '2021-12-28 11:00:46.095', 1, '2021-12-28 11:00:46.095', 1, 0, '[测试]合川白香蕉葡萄小');
INSERT INTO "public"."commodity_sku" ("commodity_sku_id", "commodity_id", "commodity_spec_id", "commodity_spec_option_id", "revision", "create_time", "create_by", "updated_time", "updated_by", "deleted", "commodity_sku_name") VALUES (10156225, 10277, '{10815}', '{102774}', 1, '2021-12-28 11:00:46.095', 1, '2021-12-28 11:00:46.095', 1, 0, '[测试]合川白香蕉葡萄中');
INSERT INTO "public"."commodity_sku" ("commodity_sku_id", "commodity_id", "commodity_spec_id", "commodity_spec_option_id", "revision", "create_time", "create_by", "updated_time", "updated_by", "deleted", "commodity_sku_name") VALUES (10156224, 10277, '{10815}', '{102773}', 1, '2021-12-28 11:00:46.095', 1, '2021-12-28 11:00:46.095', 1, 0, '[测试]合川白香蕉葡萄大');
INSERT INTO "public"."commodity_sku" ("commodity_sku_id", "commodity_id", "commodity_spec_id", "commodity_spec_option_id", "revision", "create_time", "create_by", "updated_time", "updated_by", "deleted", "commodity_sku_name") VALUES (10156223, 10277, '{10815,10816,10817}', '{102775,102778,102780}', 1, '2021-12-28 11:00:39.657', 1, '2021-12-28 11:00:39.657', 1, 0, '[测试]合川白香蕉葡萄小普通香甜');
INSERT INTO "public"."commodity_sku" ("commodity_sku_id", "commodity_id", "commodity_spec_id", "commodity_spec_option_id", "revision", "create_time", "create_by", "updated_time", "updated_by", "deleted", "commodity_sku_name") VALUES (10156222, 10277, '{10815,10816,10817}', '{102775,102778,102779}', 1, '2021-12-28 11:00:39.657', 1, '2021-12-28 11:00:39.657', 1, 0, '[测试]合川白香蕉葡萄小普通脆甜');
INSERT INTO "public"."commodity_sku" ("commodity_sku_id", "commodity_id", "commodity_spec_id", "commodity_spec_option_id", "revision", "create_time", "create_by", "updated_time", "updated_by", "deleted", "commodity_sku_name") VALUES (10156221, 10277, '{10815,10816,10817}', '{102775,102777,102780}', 1, '2021-12-28 11:00:39.657', 1, '2021-12-28 11:00:39.657', 1, 0, '[测试]合川白香蕉葡萄小中等香甜');
INSERT INTO "public"."commodity_sku" ("commodity_sku_id", "commodity_id", "commodity_spec_id", "commodity_spec_option_id", "revision", "create_time", "create_by", "updated_time", "updated_by", "deleted", "commodity_sku_name") VALUES (10156220, 10277, '{10815,10816,10817}', '{102775,102777,102779}', 1, '2021-12-28 11:00:39.657', 1, '2021-12-28 11:00:39.657', 1, 0, '[测试]合川白香蕉葡萄小中等脆甜');
INSERT INTO "public"."commodity_sku" ("commodity_sku_id", "commodity_id", "commodity_spec_id", "commodity_spec_option_id", "revision", "create_time", "create_by", "updated_time", "updated_by", "deleted", "commodity_sku_name") VALUES (10156219, 10277, '{10815,10816,10817}', '{102775,102776,102780}', 1, '2021-12-28 11:00:39.657', 1, '2021-12-28 11:00:39.657', 1, 0, '[测试]合川白香蕉葡萄小优质香甜');
INSERT INTO "public"."commodity_sku" ("commodity_sku_id", "commodity_id", "commodity_spec_id", "commodity_spec_option_id", "revision", "create_time", "create_by", "updated_time", "updated_by", "deleted", "commodity_sku_name") VALUES (10156218, 10277, '{10815,10816,10817}', '{102775,102776,102779}', 1, '2021-12-28 11:00:39.657', 1, '2021-12-28 11:00:39.657', 1, 0, '[测试]合川白香蕉葡萄小优质脆甜');
INSERT INTO "public"."commodity_sku" ("commodity_sku_id", "commodity_id", "commodity_spec_id", "commodity_spec_option_id", "revision", "create_time", "create_by", "updated_time", "updated_by", "deleted", "commodity_sku_name") VALUES (10156217, 10277, '{10815,10816,10817}', '{102774,102778,102780}', 1, '2021-12-28 11:00:39.657', 1, '2021-12-28 11:00:39.657', 1, 0, '[测试]合川白香蕉葡萄中普通香甜');
INSERT INTO "public"."commodity_sku" ("commodity_sku_id", "commodity_id", "commodity_spec_id", "commodity_spec_option_id", "revision", "create_time", "create_by", "updated_time", "updated_by", "deleted", "commodity_sku_name") VALUES (10156216, 10277, '{10815,10816,10817}', '{102774,102778,102779}', 1, '2021-12-28 11:00:39.657', 1, '2021-12-28 11:00:39.657', 1, 0, '[测试]合川白香蕉葡萄中普通脆甜');
INSERT INTO "public"."commodity_sku" ("commodity_sku_id", "commodity_id", "commodity_spec_id", "commodity_spec_option_id", "revision", "create_time", "create_by", "updated_time", "updated_by", "deleted", "commodity_sku_name") VALUES (10156215, 10277, '{10815,10816,10817}', '{102774,102777,102780}', 1, '2021-12-28 11:00:39.657', 1, '2021-12-28 11:00:39.657', 1, 0, '[测试]合川白香蕉葡萄中中等香甜');
INSERT INTO "public"."commodity_sku" ("commodity_sku_id", "commodity_id", "commodity_spec_id", "commodity_spec_option_id", "revision", "create_time", "create_by", "updated_time", "updated_by", "deleted", "commodity_sku_name") VALUES (10156214, 10277, '{10815,10816,10817}', '{102774,102777,102779}', 1, '2021-12-28 11:00:39.657', 1, '2021-12-28 11:00:39.657', 1, 0, '[测试]合川白香蕉葡萄中中等脆甜');
INSERT INTO "public"."commodity_sku" ("commodity_sku_id", "commodity_id", "commodity_spec_id", "commodity_spec_option_id", "revision", "create_time", "create_by", "updated_time", "updated_by", "deleted", "commodity_sku_name") VALUES (10156213, 10277, '{10815,10816,10817}', '{102774,102776,102780}', 1, '2021-12-28 11:00:39.657', 1, '2021-12-28 11:00:39.657', 1, 0, '[测试]合川白香蕉葡萄中优质香甜');
INSERT INTO "public"."commodity_sku" ("commodity_sku_id", "commodity_id", "commodity_spec_id", "commodity_spec_option_id", "revision", "create_time", "create_by", "updated_time", "updated_by", "deleted", "commodity_sku_name") VALUES (10156212, 10277, '{10815,10816,10817}', '{102774,102776,102779}', 1, '2021-12-28 11:00:39.657', 1, '2021-12-28 11:00:39.657', 1, 0, '[测试]合川白香蕉葡萄中优质脆甜');
INSERT INTO "public"."commodity_sku" ("commodity_sku_id", "commodity_id", "commodity_spec_id", "commodity_spec_option_id", "revision", "create_time", "create_by", "updated_time", "updated_by", "deleted", "commodity_sku_name") VALUES (10156211, 10277, '{10815,10816,10817}', '{102773,102778,102780}', 1, '2021-12-28 11:00:39.657', 1, '2021-12-28 11:00:39.657', 1, 0, '[测试]合川白香蕉葡萄大普通香甜');
INSERT INTO "public"."commodity_sku" ("commodity_sku_id", "commodity_id", "commodity_spec_id", "commodity_spec_option_id", "revision", "create_time", "create_by", "updated_time", "updated_by", "deleted", "commodity_sku_name") VALUES (10156210, 10277, '{10815,10816,10817}', '{102773,102778,102779}', 1, '2021-12-28 11:00:39.657', 1, '2021-12-28 11:00:39.657', 1, 0, '[测试]合川白香蕉葡萄大普通脆甜');
INSERT INTO "public"."commodity_sku" ("commodity_sku_id", "commodity_id", "commodity_spec_id", "commodity_spec_option_id", "revision", "create_time", "create_by", "updated_time", "updated_by", "deleted", "commodity_sku_name") VALUES (10156209, 10277, '{10815,10816,10817}', '{102773,102777,102780}', 1, '2021-12-28 11:00:39.657', 1, '2021-12-28 11:00:39.657', 1, 0, '[测试]合川白香蕉葡萄大中等香甜');
INSERT INTO "public"."commodity_sku" ("commodity_sku_id", "commodity_id", "commodity_spec_id", "commodity_spec_option_id", "revision", "create_time", "create_by", "updated_time", "updated_by", "deleted", "commodity_sku_name") VALUES (10156208, 10277, '{10815,10816,10817}', '{102773,102777,102779}', 1, '2021-12-28 11:00:39.657', 1, '2021-12-28 11:00:39.657', 1, 0, '[测试]合川白香蕉葡萄大中等脆甜');
INSERT INTO "public"."commodity_sku" ("commodity_sku_id", "commodity_id", "commodity_spec_id", "commodity_spec_option_id", "revision", "create_time", "create_by", "updated_time", "updated_by", "deleted", "commodity_sku_name") VALUES (10156207, 10277, '{10815,10816,10817}', '{102773,102776,102780}', 1, '2021-12-28 11:00:39.657', 1, '2021-12-28 11:00:39.657', 1, 0, '[测试]合川白香蕉葡萄大优质香甜');
INSERT INTO "public"."commodity_sku" ("commodity_sku_id", "commodity_id", "commodity_spec_id", "commodity_spec_option_id", "revision", "create_time", "create_by", "updated_time", "updated_by", "deleted", "commodity_sku_name") VALUES (10156206, 10277, '{10815,10816,10817}', '{102773,102776,102779}', 1, '2021-12-28 11:00:39.657', 1, '2021-12-28 11:00:39.657', 1, 0, '[测试]合川白香蕉葡萄大优质脆甜');
INSERT INTO "public"."commodity_sku" ("commodity_sku_id", "commodity_id", "commodity_spec_id", "commodity_spec_option_id", "revision", "create_time", "create_by", "updated_time", "updated_by", "deleted", "commodity_sku_name") VALUES (10156252, 10277, '{10815,10817}', '{102775,102780}', 1, '2021-12-28 11:01:13.218', 1, '2021-12-28 11:01:13.218', 1, 0, '[测试]合川白香蕉葡萄小香甜');
INSERT INTO "public"."commodity_sku" ("commodity_sku_id", "commodity_id", "commodity_spec_id", "commodity_spec_option_id", "revision", "create_time", "create_by", "updated_time", "updated_by", "deleted", "commodity_sku_name") VALUES (10156251, 10277, '{10815,10817}', '{102775,102779}', 1, '2021-12-28 11:01:13.218', 1, '2021-12-28 11:01:13.218', 1, 0, '[测试]合川白香蕉葡萄小脆甜');
INSERT INTO "public"."commodity_sku" ("commodity_sku_id", "commodity_id", "commodity_spec_id", "commodity_spec_option_id", "revision", "create_time", "create_by", "updated_time", "updated_by", "deleted", "commodity_sku_name") VALUES (10156250, 10277, '{10815,10817}', '{102774,102780}', 1, '2021-12-28 11:01:13.218', 1, '2021-12-28 11:01:13.218', 1, 0, '[测试]合川白香蕉葡萄中香甜');
INSERT INTO "public"."commodity_sku" ("commodity_sku_id", "commodity_id", "commodity_spec_id", "commodity_spec_option_id", "revision", "create_time", "create_by", "updated_time", "updated_by", "deleted", "commodity_sku_name") VALUES (10156249, 10277, '{10815,10817}', '{102774,102779}', 1, '2021-12-28 11:01:13.218', 1, '2021-12-28 11:01:13.218', 1, 0, '[测试]合川白香蕉葡萄中脆甜');
INSERT INTO "public"."commodity_sku" ("commodity_sku_id", "commodity_id", "commodity_spec_id", "commodity_spec_option_id", "revision", "create_time", "create_by", "updated_time", "updated_by", "deleted", "commodity_sku_name") VALUES (10156248, 10277, '{10815,10817}', '{102773,102780}', 1, '2021-12-28 11:01:13.218', 1, '2021-12-28 11:01:13.218', 1, 0, '[测试]合川白香蕉葡萄大香甜');
INSERT INTO "public"."commodity_sku" ("commodity_sku_id", "commodity_id", "commodity_spec_id", "commodity_spec_option_id", "revision", "create_time", "create_by", "updated_time", "updated_by", "deleted", "commodity_sku_name") VALUES (10156247, 10277, '{10815,10817}', '{102773,102779}', 1, '2021-12-28 11:01:13.218', 1, '2021-12-28 11:01:13.218', 1, 0, '[测试]合川白香蕉葡萄大脆甜');
INSERT INTO "public"."commodity_sku" ("commodity_sku_id", "commodity_id", "commodity_spec_id", "commodity_spec_option_id", "revision", "create_time", "create_by", "updated_time", "updated_by", "deleted", "commodity_sku_name") VALUES (10156246, 10277, '{10816,10817}', '{102778,102780}', 1, '2021-12-28 11:01:04.664', 1, '2021-12-28 11:01:04.664', 1, 0, '[测试]合川白香蕉葡萄普通香甜');
INSERT INTO "public"."commodity_sku" ("commodity_sku_id", "commodity_id", "commodity_spec_id", "commodity_spec_option_id", "revision", "create_time", "create_by", "updated_time", "updated_by", "deleted", "commodity_sku_name") VALUES (10156245, 10277, '{10816,10817}', '{102778,102779}', 1, '2021-12-28 11:01:04.664', 1, '2021-12-28 11:01:04.664', 1, 0, '[测试]合川白香蕉葡萄普通脆甜');
INSERT INTO "public"."commodity_sku" ("commodity_sku_id", "commodity_id", "commodity_spec_id", "commodity_spec_option_id", "revision", "create_time", "create_by", "updated_time", "updated_by", "deleted", "commodity_sku_name") VALUES (10156244, 10277, '{10816,10817}', '{102777,102780}', 1, '2021-12-28 11:01:04.664', 1, '2021-12-28 11:01:04.664', 1, 0, '[测试]合川白香蕉葡萄中等香甜');
INSERT INTO "public"."commodity_sku" ("commodity_sku_id", "commodity_id", "commodity_spec_id", "commodity_spec_option_id", "revision", "create_time", "create_by", "updated_time", "updated_by", "deleted", "commodity_sku_name") VALUES (10156243, 10277, '{10816,10817}', '{102777,102779}', 1, '2021-12-28 11:01:04.664', 1, '2021-12-28 11:01:04.664', 1, 0, '[测试]合川白香蕉葡萄中等脆甜');
INSERT INTO "public"."commodity_sku" ("commodity_sku_id", "commodity_id", "commodity_spec_id", "commodity_spec_option_id", "revision", "create_time", "create_by", "updated_time", "updated_by", "deleted", "commodity_sku_name") VALUES (10156242, 10277, '{10816,10817}', '{102776,102780}', 1, '2021-12-28 11:01:04.664', 1, '2021-12-28 11:01:04.664', 1, 0, '[测试]合川白香蕉葡萄优质香甜');
INSERT INTO "public"."commodity_sku" ("commodity_sku_id", "commodity_id", "commodity_spec_id", "commodity_spec_option_id", "revision", "create_time", "create_by", "updated_time", "updated_by", "deleted", "commodity_sku_name") VALUES (10156241, 10277, '{10816,10817}', '{102776,102779}', 1, '2021-12-28 11:01:04.664', 1, '2021-12-28 11:01:04.664', 1, 0, '[测试]合川白香蕉葡萄优质脆甜');
INSERT INTO "public"."commodity_sku" ("commodity_sku_id", "commodity_id", "commodity_spec_id", "commodity_spec_option_id", "revision", "create_time", "create_by", "updated_time", "updated_by", "deleted", "commodity_sku_name") VALUES (10156240, 10277, '{10815,10816}', '{102775,102778}', 1, '2021-12-28 11:01:00.085', 1, '2021-12-28 11:01:00.085', 1, 0, '[测试]合川白香蕉葡萄小普通');
INSERT INTO "public"."commodity_sku" ("commodity_sku_id", "commodity_id", "commodity_spec_id", "commodity_spec_option_id", "revision", "create_time", "create_by", "updated_time", "updated_by", "deleted", "commodity_sku_name") VALUES (10156239, 10277, '{10815,10816}', '{102775,102777}', 1, '2021-12-28 11:01:00.085', 1, '2021-12-28 11:01:00.085', 1, 0, '[测试]合川白香蕉葡萄小中等');
INSERT INTO "public"."commodity_sku" ("commodity_sku_id", "commodity_id", "commodity_spec_id", "commodity_spec_option_id", "revision", "create_time", "create_by", "updated_time", "updated_by", "deleted", "commodity_sku_name") VALUES (10156238, 10277, '{10815,10816}', '{102775,102776}', 1, '2021-12-28 11:01:00.085', 1, '2021-12-28 11:01:00.085', 1, 0, '[测试]合川白香蕉葡萄小优质');
INSERT INTO "public"."commodity_sku" ("commodity_sku_id", "commodity_id", "commodity_spec_id", "commodity_spec_option_id", "revision", "create_time", "create_by", "updated_time", "updated_by", "deleted", "commodity_sku_name") VALUES (10156237, 10277, '{10815,10816}', '{102774,102778}', 1, '2021-12-28 11:01:00.085', 1, '2021-12-28 11:01:00.085', 1, 0, '[测试]合川白香蕉葡萄中普通');
INSERT INTO "public"."commodity_sku" ("commodity_sku_id", "commodity_id", "commodity_spec_id", "commodity_spec_option_id", "revision", "create_time", "create_by", "updated_time", "updated_by", "deleted", "commodity_sku_name") VALUES (10156236, 10277, '{10815,10816}', '{102774,102777}', 1, '2021-12-28 11:01:00.085', 1, '2021-12-28 11:01:00.085', 1, 0, '[测试]合川白香蕉葡萄中中等');
INSERT INTO "public"."commodity_sku" ("commodity_sku_id", "commodity_id", "commodity_spec_id", "commodity_spec_option_id", "revision", "create_time", "create_by", "updated_time", "updated_by", "deleted", "commodity_sku_name") VALUES (10156235, 10277, '{10815,10816}', '{102774,102776}', 1, '2021-12-28 11:01:00.085', 1, '2021-12-28 11:01:00.085', 1, 0, '[测试]合川白香蕉葡萄中优质');
INSERT INTO "public"."commodity_sku" ("commodity_sku_id", "commodity_id", "commodity_spec_id", "commodity_spec_option_id", "revision", "create_time", "create_by", "updated_time", "updated_by", "deleted", "commodity_sku_name") VALUES (10156234, 10277, '{10815,10816}', '{102773,102778}', 1, '2021-12-28 11:01:00.085', 1, '2021-12-28 11:01:00.085', 1, 0, '[测试]合川白香蕉葡萄大普通');
INSERT INTO "public"."commodity_sku" ("commodity_sku_id", "commodity_id", "commodity_spec_id", "commodity_spec_option_id", "revision", "create_time", "create_by", "updated_time", "updated_by", "deleted", "commodity_sku_name") VALUES (10156233, 10277, '{10815,10816}', '{102773,102777}', 1, '2021-12-28 11:01:00.085', 1, '2021-12-28 11:01:00.085', 1, 0, '[测试]合川白香蕉葡萄大中等');
INSERT INTO "public"."commodity_sku" ("commodity_sku_id", "commodity_id", "commodity_spec_id", "commodity_spec_option_id", "revision", "create_time", "create_by", "updated_time", "updated_by", "deleted", "commodity_sku_name") VALUES (10156232, 10277, '{10815,10816}', '{102773,102776}', 1, '2021-12-28 11:01:00.085', 1, '2021-12-28 11:01:00.085', 1, 0, '[测试]合川白香蕉葡萄大优质');
INSERT INTO "public"."commodity_sku" ("commodity_sku_id", "commodity_id", "commodity_spec_id", "commodity_spec_option_id", "revision", "create_time", "create_by", "updated_time", "updated_by", "deleted", "commodity_sku_name") VALUES (10156231, 10277, '{10817}', '{102780}', 1, '2021-12-28 11:00:55.571', 1, '2021-12-28 11:00:55.571', 1, 0, '[测试]合川白香蕉葡萄香甜');
INSERT INTO "public"."commodity_sku" ("commodity_sku_id", "commodity_id", "commodity_spec_id", "commodity_spec_option_id", "revision", "create_time", "create_by", "updated_time", "updated_by", "deleted", "commodity_sku_name") VALUES (10156230, 10277, '{10817}', '{102779}', 1, '2021-12-28 11:00:55.571', 1, '2021-12-28 11:00:55.571', 1, 0, '[测试]合川白香蕉葡萄脆甜');
INSERT INTO "public"."commodity_sku" ("commodity_sku_id", "commodity_id", "commodity_spec_id", "commodity_spec_option_id", "revision", "create_time", "create_by", "updated_time", "updated_by", "deleted", "commodity_sku_name") VALUES (10156159, 10276, '{10812,10813,10814}', '{102765,102768,102771}', 1, '2021-12-28 10:58:32.282', 1, '2021-12-28 10:58:32.282', 1, 0, '[测试]四川巨峰葡萄小五分熟五斤装');
INSERT INTO "public"."commodity_sku" ("commodity_sku_id", "commodity_id", "commodity_spec_id", "commodity_spec_option_id", "revision", "create_time", "create_by", "updated_time", "updated_by", "deleted", "commodity_sku_name") VALUES (10156158, 10276, '{10812,10813,10814}', '{102765,102767,102772}', 1, '2021-12-28 10:58:32.282', 1, '2021-12-28 10:58:32.282', 1, 0, '[测试]四川巨峰葡萄小三分熟三斤装');
INSERT INTO "public"."commodity_sku" ("commodity_sku_id", "commodity_id", "commodity_spec_id", "commodity_spec_option_id", "revision", "create_time", "create_by", "updated_time", "updated_by", "deleted", "commodity_sku_name") VALUES (10156157, 10276, '{10812,10813,10814}', '{102765,102767,102771}', 1, '2021-12-28 10:58:32.282', 1, '2021-12-28 10:58:32.282', 1, 0, '[测试]四川巨峰葡萄小三分熟五斤装');
INSERT INTO "public"."commodity_sku" ("commodity_sku_id", "commodity_id", "commodity_spec_id", "commodity_spec_option_id", "revision", "create_time", "create_by", "updated_time", "updated_by", "deleted", "commodity_sku_name") VALUES (10156156, 10276, '{10812,10813,10814}', '{102765,102766,102772}', 1, '2021-12-28 10:58:32.282', 1, '2021-12-28 10:58:32.282', 1, 0, '[测试]四川巨峰葡萄小绿果三斤装');
INSERT INTO "public"."commodity_sku" ("commodity_sku_id", "commodity_id", "commodity_spec_id", "commodity_spec_option_id", "revision", "create_time", "create_by", "updated_time", "updated_by", "deleted", "commodity_sku_name") VALUES (10156155, 10276, '{10812,10813,10814}', '{102765,102766,102771}', 1, '2021-12-28 10:58:32.282', 1, '2021-12-28 10:58:32.282', 1, 0, '[测试]四川巨峰葡萄小绿果五斤装');
INSERT INTO "public"."commodity_sku" ("commodity_sku_id", "commodity_id", "commodity_spec_id", "commodity_spec_option_id", "revision", "create_time", "create_by", "updated_time", "updated_by", "deleted", "commodity_sku_name") VALUES (10156154, 10276, '{10812,10813,10814}', '{102764,102770,102772}', 1, '2021-12-28 10:58:32.282', 1, '2021-12-28 10:58:32.282', 1, 0, '[测试]四川巨峰葡萄中全熟三斤装');
INSERT INTO "public"."commodity_sku" ("commodity_sku_id", "commodity_id", "commodity_spec_id", "commodity_spec_option_id", "revision", "create_time", "create_by", "updated_time", "updated_by", "deleted", "commodity_sku_name") VALUES (10156153, 10276, '{10812,10813,10814}', '{102764,102770,102771}', 1, '2021-12-28 10:58:32.282', 1, '2021-12-28 10:58:32.282', 1, 0, '[测试]四川巨峰葡萄中全熟五斤装');
INSERT INTO "public"."commodity_sku" ("commodity_sku_id", "commodity_id", "commodity_spec_id", "commodity_spec_option_id", "revision", "create_time", "create_by", "updated_time", "updated_by", "deleted", "commodity_sku_name") VALUES (10156152, 10276, '{10812,10813,10814}', '{102764,102769,102772}', 1, '2021-12-28 10:58:32.282', 1, '2021-12-28 10:58:32.282', 1, 0, '[测试]四川巨峰葡萄中七分熟三斤装');
INSERT INTO "public"."commodity_sku" ("commodity_sku_id", "commodity_id", "commodity_spec_id", "commodity_spec_option_id", "revision", "create_time", "create_by", "updated_time", "updated_by", "deleted", "commodity_sku_name") VALUES (10156151, 10276, '{10812,10813,10814}', '{102764,102769,102771}', 1, '2021-12-28 10:58:32.282', 1, '2021-12-28 10:58:32.282', 1, 0, '[测试]四川巨峰葡萄中七分熟五斤装');
INSERT INTO "public"."commodity_sku" ("commodity_sku_id", "commodity_id", "commodity_spec_id", "commodity_spec_option_id", "revision", "create_time", "create_by", "updated_time", "updated_by", "deleted", "commodity_sku_name") VALUES (10156150, 10276, '{10812,10813,10814}', '{102764,102768,102772}', 1, '2021-12-28 10:58:32.282', 1, '2021-12-28 10:58:32.282', 1, 0, '[测试]四川巨峰葡萄中五分熟三斤装');
INSERT INTO "public"."commodity_sku" ("commodity_sku_id", "commodity_id", "commodity_spec_id", "commodity_spec_option_id", "revision", "create_time", "create_by", "updated_time", "updated_by", "deleted", "commodity_sku_name") VALUES (10156149, 10276, '{10812,10813,10814}', '{102764,102768,102771}', 1, '2021-12-28 10:58:32.282', 1, '2021-12-28 10:58:32.282', 1, 0, '[测试]四川巨峰葡萄中五分熟五斤装');
INSERT INTO "public"."commodity_sku" ("commodity_sku_id", "commodity_id", "commodity_spec_id", "commodity_spec_option_id", "revision", "create_time", "create_by", "updated_time", "updated_by", "deleted", "commodity_sku_name") VALUES (10156148, 10276, '{10812,10813,10814}', '{102764,102767,102772}', 1, '2021-12-28 10:58:32.282', 1, '2021-12-28 10:58:32.282', 1, 0, '[测试]四川巨峰葡萄中三分熟三斤装');
INSERT INTO "public"."commodity_sku" ("commodity_sku_id", "commodity_id", "commodity_spec_id", "commodity_spec_option_id", "revision", "create_time", "create_by", "updated_time", "updated_by", "deleted", "commodity_sku_name") VALUES (10156147, 10276, '{10812,10813,10814}', '{102764,102767,102771}', 1, '2021-12-28 10:58:32.282', 1, '2021-12-28 10:58:32.282', 1, 0, '[测试]四川巨峰葡萄中三分熟五斤装');
INSERT INTO "public"."commodity_sku" ("commodity_sku_id", "commodity_id", "commodity_spec_id", "commodity_spec_option_id", "revision", "create_time", "create_by", "updated_time", "updated_by", "deleted", "commodity_sku_name") VALUES (10156146, 10276, '{10812,10813,10814}', '{102764,102766,102772}', 1, '2021-12-28 10:58:32.282', 1, '2021-12-28 10:58:32.282', 1, 0, '[测试]四川巨峰葡萄中绿果三斤装');
INSERT INTO "public"."commodity_sku" ("commodity_sku_id", "commodity_id", "commodity_spec_id", "commodity_spec_option_id", "revision", "create_time", "create_by", "updated_time", "updated_by", "deleted", "commodity_sku_name") VALUES (10156145, 10276, '{10812,10813,10814}', '{102764,102766,102771}', 1, '2021-12-28 10:58:32.282', 1, '2021-12-28 10:58:32.282', 1, 0, '[测试]四川巨峰葡萄中绿果五斤装');
INSERT INTO "public"."commodity_sku" ("commodity_sku_id", "commodity_id", "commodity_spec_id", "commodity_spec_option_id", "revision", "create_time", "create_by", "updated_time", "updated_by", "deleted", "commodity_sku_name") VALUES (10156144, 10276, '{10812,10813,10814}', '{102763,102770,102772}', 1, '2021-12-28 10:58:32.282', 1, '2021-12-28 10:58:32.282', 1, 0, '[测试]四川巨峰葡萄大全熟三斤装');
INSERT INTO "public"."commodity_sku" ("commodity_sku_id", "commodity_id", "commodity_spec_id", "commodity_spec_option_id", "revision", "create_time", "create_by", "updated_time", "updated_by", "deleted", "commodity_sku_name") VALUES (10156143, 10276, '{10812,10813,10814}', '{102763,102770,102771}', 1, '2021-12-28 10:58:32.282', 1, '2021-12-28 10:58:32.282', 1, 0, '[测试]四川巨峰葡萄大全熟五斤装');
INSERT INTO "public"."commodity_sku" ("commodity_sku_id", "commodity_id", "commodity_spec_id", "commodity_spec_option_id", "revision", "create_time", "create_by", "updated_time", "updated_by", "deleted", "commodity_sku_name") VALUES (10156142, 10276, '{10812,10813,10814}', '{102763,102769,102772}', 1, '2021-12-28 10:58:32.282', 1, '2021-12-28 10:58:32.282', 1, 0, '[测试]四川巨峰葡萄大七分熟三斤装');
INSERT INTO "public"."commodity_sku" ("commodity_sku_id", "commodity_id", "commodity_spec_id", "commodity_spec_option_id", "revision", "create_time", "create_by", "updated_time", "updated_by", "deleted", "commodity_sku_name") VALUES (10156141, 10276, '{10812,10813,10814}', '{102763,102769,102771}', 1, '2021-12-28 10:58:32.282', 1, '2021-12-28 10:58:32.282', 1, 0, '[测试]四川巨峰葡萄大七分熟五斤装');
INSERT INTO "public"."commodity_sku" ("commodity_sku_id", "commodity_id", "commodity_spec_id", "commodity_spec_option_id", "revision", "create_time", "create_by", "updated_time", "updated_by", "deleted", "commodity_sku_name") VALUES (10156140, 10276, '{10812,10813,10814}', '{102763,102768,102772}', 1, '2021-12-28 10:58:32.282', 1, '2021-12-28 10:58:32.282', 1, 0, '[测试]四川巨峰葡萄大五分熟三斤装');
INSERT INTO "public"."commodity_sku" ("commodity_sku_id", "commodity_id", "commodity_spec_id", "commodity_spec_option_id", "revision", "create_time", "create_by", "updated_time", "updated_by", "deleted", "commodity_sku_name") VALUES (10156139, 10276, '{10812,10813,10814}', '{102763,102768,102771}', 1, '2021-12-28 10:58:32.282', 1, '2021-12-28 10:58:32.282', 1, 0, '[测试]四川巨峰葡萄大五分熟五斤装');
INSERT INTO "public"."commodity_sku" ("commodity_sku_id", "commodity_id", "commodity_spec_id", "commodity_spec_option_id", "revision", "create_time", "create_by", "updated_time", "updated_by", "deleted", "commodity_sku_name") VALUES (10156138, 10276, '{10812,10813,10814}', '{102763,102767,102772}', 1, '2021-12-28 10:58:32.282', 1, '2021-12-28 10:58:32.282', 1, 0, '[测试]四川巨峰葡萄大三分熟三斤装');
INSERT INTO "public"."commodity_sku" ("commodity_sku_id", "commodity_id", "commodity_spec_id", "commodity_spec_option_id", "revision", "create_time", "create_by", "updated_time", "updated_by", "deleted", "commodity_sku_name") VALUES (10156137, 10276, '{10812,10813,10814}', '{102763,102767,102771}', 1, '2021-12-28 10:58:32.282', 1, '2021-12-28 10:58:32.282', 1, 0, '[测试]四川巨峰葡萄大三分熟五斤装');
INSERT INTO "public"."commodity_sku" ("commodity_sku_id", "commodity_id", "commodity_spec_id", "commodity_spec_option_id", "revision", "create_time", "create_by", "updated_time", "updated_by", "deleted", "commodity_sku_name") VALUES (10156135, 10276, '{10812,10813,10814}', '{102763,102766,102771}', 1, '2021-12-28 10:58:32.282', 1, '2021-12-28 10:58:32.282', 1, 0, '[测试]四川巨峰葡萄大绿果五斤装');
INSERT INTO "public"."commodity_sku" ("commodity_sku_id", "commodity_id", "commodity_spec_id", "commodity_spec_option_id", "revision", "create_time", "create_by", "updated_time", "updated_by", "deleted", "commodity_sku_name") VALUES (10156136, 10276, '{10812,10813,10814}', '{102763,102766,102772}', 1, '2021-12-28 10:58:32.282', 1, '2021-12-28 10:58:32.282', 1, 0, '[测试]四川巨峰葡萄大绿果三斤装');
INSERT INTO "public"."commodity_sku" ("commodity_sku_id", "commodity_id", "commodity_spec_id", "commodity_spec_option_id", "revision", "create_time", "create_by", "updated_time", "updated_by", "deleted", "commodity_sku_name") VALUES (10156205, 10276, '{10814}', '{102772}', 1, '2021-12-28 10:58:56.535', 1, '2021-12-28 10:58:56.535', 1, 0, '[测试]四川巨峰葡萄三斤装');
INSERT INTO "public"."commodity_sku" ("commodity_sku_id", "commodity_id", "commodity_spec_id", "commodity_spec_option_id", "revision", "create_time", "create_by", "updated_time", "updated_by", "deleted", "commodity_sku_name") VALUES (10156204, 10276, '{10814}', '{102771}', 1, '2021-12-28 10:58:56.535', 1, '2021-12-28 10:58:56.535', 1, 0, '[测试]四川巨峰葡萄五斤装');
INSERT INTO "public"."commodity_sku" ("commodity_sku_id", "commodity_id", "commodity_spec_id", "commodity_spec_option_id", "revision", "create_time", "create_by", "updated_time", "updated_by", "deleted", "commodity_sku_name") VALUES (10156203, 10276, '{10813}', '{102770}', 1, '2021-12-28 10:58:52.884', 1, '2021-12-28 10:58:52.884', 1, 0, '[测试]四川巨峰葡萄全熟');
INSERT INTO "public"."commodity_sku" ("commodity_sku_id", "commodity_id", "commodity_spec_id", "commodity_spec_option_id", "revision", "create_time", "create_by", "updated_time", "updated_by", "deleted", "commodity_sku_name") VALUES (10156202, 10276, '{10813}', '{102769}', 1, '2021-12-28 10:58:52.884', 1, '2021-12-28 10:58:52.884', 1, 0, '[测试]四川巨峰葡萄七分熟');
INSERT INTO "public"."commodity_sku" ("commodity_sku_id", "commodity_id", "commodity_spec_id", "commodity_spec_option_id", "revision", "create_time", "create_by", "updated_time", "updated_by", "deleted", "commodity_sku_name") VALUES (10156201, 10276, '{10813}', '{102768}', 1, '2021-12-28 10:58:52.884', 1, '2021-12-28 10:58:52.884', 1, 0, '[测试]四川巨峰葡萄五分熟');
INSERT INTO "public"."commodity_sku" ("commodity_sku_id", "commodity_id", "commodity_spec_id", "commodity_spec_option_id", "revision", "create_time", "create_by", "updated_time", "updated_by", "deleted", "commodity_sku_name") VALUES (10156200, 10276, '{10813}', '{102767}', 1, '2021-12-28 10:58:52.884', 1, '2021-12-28 10:58:52.884', 1, 0, '[测试]四川巨峰葡萄三分熟');
INSERT INTO "public"."commodity_sku" ("commodity_sku_id", "commodity_id", "commodity_spec_id", "commodity_spec_option_id", "revision", "create_time", "create_by", "updated_time", "updated_by", "deleted", "commodity_sku_name") VALUES (10156199, 10276, '{10813}', '{102766}', 1, '2021-12-28 10:58:52.884', 1, '2021-12-28 10:58:52.884', 1, 0, '[测试]四川巨峰葡萄绿果');
INSERT INTO "public"."commodity_sku" ("commodity_sku_id", "commodity_id", "commodity_spec_id", "commodity_spec_option_id", "revision", "create_time", "create_by", "updated_time", "updated_by", "deleted", "commodity_sku_name") VALUES (10156198, 10276, '{10812}', '{102765}', 1, '2021-12-28 10:58:49.332', 1, '2021-12-28 10:58:49.332', 1, 0, '[测试]四川巨峰葡萄小');
INSERT INTO "public"."commodity_sku" ("commodity_sku_id", "commodity_id", "commodity_spec_id", "commodity_spec_option_id", "revision", "create_time", "create_by", "updated_time", "updated_by", "deleted", "commodity_sku_name") VALUES (10156197, 10276, '{10812}', '{102764}', 1, '2021-12-28 10:58:49.332', 1, '2021-12-28 10:58:49.332', 1, 0, '[测试]四川巨峰葡萄中');
INSERT INTO "public"."commodity_sku" ("commodity_sku_id", "commodity_id", "commodity_spec_id", "commodity_spec_option_id", "revision", "create_time", "create_by", "updated_time", "updated_by", "deleted", "commodity_sku_name") VALUES (10156196, 10276, '{10812}', '{102763}', 1, '2021-12-28 10:58:49.332', 1, '2021-12-28 10:58:49.332', 1, 0, '[测试]四川巨峰葡萄大');
INSERT INTO "public"."commodity_sku" ("commodity_sku_id", "commodity_id", "commodity_spec_id", "commodity_spec_option_id", "revision", "create_time", "create_by", "updated_time", "updated_by", "deleted", "commodity_sku_name") VALUES (10156195, 10276, '{10812,10814}', '{102765,102772}', 1, '2021-12-28 10:58:45.953', 1, '2021-12-28 10:58:45.953', 1, 0, '[测试]四川巨峰葡萄小三斤装');
INSERT INTO "public"."commodity_sku" ("commodity_sku_id", "commodity_id", "commodity_spec_id", "commodity_spec_option_id", "revision", "create_time", "create_by", "updated_time", "updated_by", "deleted", "commodity_sku_name") VALUES (10156194, 10276, '{10812,10814}', '{102765,102771}', 1, '2021-12-28 10:58:45.953', 1, '2021-12-28 10:58:45.953', 1, 0, '[测试]四川巨峰葡萄小五斤装');
INSERT INTO "public"."commodity_sku" ("commodity_sku_id", "commodity_id", "commodity_spec_id", "commodity_spec_option_id", "revision", "create_time", "create_by", "updated_time", "updated_by", "deleted", "commodity_sku_name") VALUES (10156193, 10276, '{10812,10814}', '{102764,102772}', 1, '2021-12-28 10:58:45.953', 1, '2021-12-28 10:58:45.953', 1, 0, '[测试]四川巨峰葡萄中三斤装');
INSERT INTO "public"."commodity_sku" ("commodity_sku_id", "commodity_id", "commodity_spec_id", "commodity_spec_option_id", "revision", "create_time", "create_by", "updated_time", "updated_by", "deleted", "commodity_sku_name") VALUES (10156192, 10276, '{10812,10814}', '{102764,102771}', 1, '2021-12-28 10:58:45.953', 1, '2021-12-28 10:58:45.953', 1, 0, '[测试]四川巨峰葡萄中五斤装');
INSERT INTO "public"."commodity_sku" ("commodity_sku_id", "commodity_id", "commodity_spec_id", "commodity_spec_option_id", "revision", "create_time", "create_by", "updated_time", "updated_by", "deleted", "commodity_sku_name") VALUES (10156191, 10276, '{10812,10814}', '{102763,102772}', 1, '2021-12-28 10:58:45.953', 1, '2021-12-28 10:58:45.953', 1, 0, '[测试]四川巨峰葡萄大三斤装');
INSERT INTO "public"."commodity_sku" ("commodity_sku_id", "commodity_id", "commodity_spec_id", "commodity_spec_option_id", "revision", "create_time", "create_by", "updated_time", "updated_by", "deleted", "commodity_sku_name") VALUES (10156190, 10276, '{10812,10814}', '{102763,102771}', 1, '2021-12-28 10:58:45.953', 1, '2021-12-28 10:58:45.953', 1, 0, '[测试]四川巨峰葡萄大五斤装');
INSERT INTO "public"."commodity_sku" ("commodity_sku_id", "commodity_id", "commodity_spec_id", "commodity_spec_option_id", "revision", "create_time", "create_by", "updated_time", "updated_by", "deleted", "commodity_sku_name") VALUES (10156189, 10276, '{10812,10813}', '{102765,102770}', 1, '2021-12-28 10:58:40.67', 1, '2021-12-28 10:58:40.67', 1, 0, '[测试]四川巨峰葡萄小全熟');
INSERT INTO "public"."commodity_sku" ("commodity_sku_id", "commodity_id", "commodity_spec_id", "commodity_spec_option_id", "revision", "create_time", "create_by", "updated_time", "updated_by", "deleted", "commodity_sku_name") VALUES (10156188, 10276, '{10812,10813}', '{102765,102769}', 1, '2021-12-28 10:58:40.67', 1, '2021-12-28 10:58:40.67', 1, 0, '[测试]四川巨峰葡萄小七分熟');
INSERT INTO "public"."commodity_sku" ("commodity_sku_id", "commodity_id", "commodity_spec_id", "commodity_spec_option_id", "revision", "create_time", "create_by", "updated_time", "updated_by", "deleted", "commodity_sku_name") VALUES (10156187, 10276, '{10812,10813}', '{102765,102768}', 1, '2021-12-28 10:58:40.67', 1, '2021-12-28 10:58:40.67', 1, 0, '[测试]四川巨峰葡萄小五分熟');
INSERT INTO "public"."commodity_sku" ("commodity_sku_id", "commodity_id", "commodity_spec_id", "commodity_spec_option_id", "revision", "create_time", "create_by", "updated_time", "updated_by", "deleted", "commodity_sku_name") VALUES (10156186, 10276, '{10812,10813}', '{102765,102767}', 1, '2021-12-28 10:58:40.67', 1, '2021-12-28 10:58:40.67', 1, 0, '[测试]四川巨峰葡萄小三分熟');
INSERT INTO "public"."commodity_sku" ("commodity_sku_id", "commodity_id", "commodity_spec_id", "commodity_spec_option_id", "revision", "create_time", "create_by", "updated_time", "updated_by", "deleted", "commodity_sku_name") VALUES (10156185, 10276, '{10812,10813}', '{102765,102766}', 1, '2021-12-28 10:58:40.67', 1, '2021-12-28 10:58:40.67', 1, 0, '[测试]四川巨峰葡萄小绿果');
INSERT INTO "public"."commodity_sku" ("commodity_sku_id", "commodity_id", "commodity_spec_id", "commodity_spec_option_id", "revision", "create_time", "create_by", "updated_time", "updated_by", "deleted", "commodity_sku_name") VALUES (10156184, 10276, '{10812,10813}', '{102764,102770}', 1, '2021-12-28 10:58:40.67', 1, '2021-12-28 10:58:40.67', 1, 0, '[测试]四川巨峰葡萄中全熟');
INSERT INTO "public"."commodity_sku" ("commodity_sku_id", "commodity_id", "commodity_spec_id", "commodity_spec_option_id", "revision", "create_time", "create_by", "updated_time", "updated_by", "deleted", "commodity_sku_name") VALUES (10156183, 10276, '{10812,10813}', '{102764,102769}', 1, '2021-12-28 10:58:40.67', 1, '2021-12-28 10:58:40.67', 1, 0, '[测试]四川巨峰葡萄中七分熟');
INSERT INTO "public"."commodity_sku" ("commodity_sku_id", "commodity_id", "commodity_spec_id", "commodity_spec_option_id", "revision", "create_time", "create_by", "updated_time", "updated_by", "deleted", "commodity_sku_name") VALUES (10156182, 10276, '{10812,10813}', '{102764,102768}', 1, '2021-12-28 10:58:40.67', 1, '2021-12-28 10:58:40.67', 1, 0, '[测试]四川巨峰葡萄中五分熟');
INSERT INTO "public"."commodity_sku" ("commodity_sku_id", "commodity_id", "commodity_spec_id", "commodity_spec_option_id", "revision", "create_time", "create_by", "updated_time", "updated_by", "deleted", "commodity_sku_name") VALUES (10156181, 10276, '{10812,10813}', '{102764,102767}', 1, '2021-12-28 10:58:40.67', 1, '2021-12-28 10:58:40.67', 1, 0, '[测试]四川巨峰葡萄中三分熟');
INSERT INTO "public"."commodity_sku" ("commodity_sku_id", "commodity_id", "commodity_spec_id", "commodity_spec_option_id", "revision", "create_time", "create_by", "updated_time", "updated_by", "deleted", "commodity_sku_name") VALUES (10156180, 10276, '{10812,10813}', '{102764,102766}', 1, '2021-12-28 10:58:40.67', 1, '2021-12-28 10:58:40.67', 1, 0, '[测试]四川巨峰葡萄中绿果');
INSERT INTO "public"."commodity_sku" ("commodity_sku_id", "commodity_id", "commodity_spec_id", "commodity_spec_option_id", "revision", "create_time", "create_by", "updated_time", "updated_by", "deleted", "commodity_sku_name") VALUES (10156179, 10276, '{10812,10813}', '{102763,102770}', 1, '2021-12-28 10:58:40.67', 1, '2021-12-28 10:58:40.67', 1, 0, '[测试]四川巨峰葡萄大全熟');
INSERT INTO "public"."commodity_sku" ("commodity_sku_id", "commodity_id", "commodity_spec_id", "commodity_spec_option_id", "revision", "create_time", "create_by", "updated_time", "updated_by", "deleted", "commodity_sku_name") VALUES (10156178, 10276, '{10812,10813}', '{102763,102769}', 1, '2021-12-28 10:58:40.67', 1, '2021-12-28 10:58:40.67', 1, 0, '[测试]四川巨峰葡萄大七分熟');
INSERT INTO "public"."commodity_sku" ("commodity_sku_id", "commodity_id", "commodity_spec_id", "commodity_spec_option_id", "revision", "create_time", "create_by", "updated_time", "updated_by", "deleted", "commodity_sku_name") VALUES (10156177, 10276, '{10812,10813}', '{102763,102768}', 1, '2021-12-28 10:58:40.67', 1, '2021-12-28 10:58:40.67', 1, 0, '[测试]四川巨峰葡萄大五分熟');
INSERT INTO "public"."commodity_sku" ("commodity_sku_id", "commodity_id", "commodity_spec_id", "commodity_spec_option_id", "revision", "create_time", "create_by", "updated_time", "updated_by", "deleted", "commodity_sku_name") VALUES (10156176, 10276, '{10812,10813}', '{102763,102767}', 1, '2021-12-28 10:58:40.67', 1, '2021-12-28 10:58:40.67', 1, 0, '[测试]四川巨峰葡萄大三分熟');
INSERT INTO "public"."commodity_sku" ("commodity_sku_id", "commodity_id", "commodity_spec_id", "commodity_spec_option_id", "revision", "create_time", "create_by", "updated_time", "updated_by", "deleted", "commodity_sku_name") VALUES (10156175, 10276, '{10812,10813}', '{102763,102766}', 1, '2021-12-28 10:58:40.67', 1, '2021-12-28 10:58:40.67', 1, 0, '[测试]四川巨峰葡萄大绿果');
INSERT INTO "public"."commodity_sku" ("commodity_sku_id", "commodity_id", "commodity_spec_id", "commodity_spec_option_id", "revision", "create_time", "create_by", "updated_time", "updated_by", "deleted", "commodity_sku_name") VALUES (10156174, 10276, '{10813,10814}', '{102770,102772}', 1, '2021-12-28 10:58:36.44', 1, '2021-12-28 10:58:36.44', 1, 0, '[测试]四川巨峰葡萄全熟三斤装');
INSERT INTO "public"."commodity_sku" ("commodity_sku_id", "commodity_id", "commodity_spec_id", "commodity_spec_option_id", "revision", "create_time", "create_by", "updated_time", "updated_by", "deleted", "commodity_sku_name") VALUES (10156173, 10276, '{10813,10814}', '{102770,102771}', 1, '2021-12-28 10:58:36.44', 1, '2021-12-28 10:58:36.44', 1, 0, '[测试]四川巨峰葡萄全熟五斤装');
INSERT INTO "public"."commodity_sku" ("commodity_sku_id", "commodity_id", "commodity_spec_id", "commodity_spec_option_id", "revision", "create_time", "create_by", "updated_time", "updated_by", "deleted", "commodity_sku_name") VALUES (10156172, 10276, '{10813,10814}', '{102769,102772}', 1, '2021-12-28 10:58:36.44', 1, '2021-12-28 10:58:36.44', 1, 0, '[测试]四川巨峰葡萄七分熟三斤装');
INSERT INTO "public"."commodity_sku" ("commodity_sku_id", "commodity_id", "commodity_spec_id", "commodity_spec_option_id", "revision", "create_time", "create_by", "updated_time", "updated_by", "deleted", "commodity_sku_name") VALUES (10156171, 10276, '{10813,10814}', '{102769,102771}', 1, '2021-12-28 10:58:36.44', 1, '2021-12-28 10:58:36.44', 1, 0, '[测试]四川巨峰葡萄七分熟五斤装');
INSERT INTO "public"."commodity_sku" ("commodity_sku_id", "commodity_id", "commodity_spec_id", "commodity_spec_option_id", "revision", "create_time", "create_by", "updated_time", "updated_by", "deleted", "commodity_sku_name") VALUES (10156170, 10276, '{10813,10814}', '{102768,102772}', 1, '2021-12-28 10:58:36.44', 1, '2021-12-28 10:58:36.44', 1, 0, '[测试]四川巨峰葡萄五分熟三斤装');
INSERT INTO "public"."commodity_sku" ("commodity_sku_id", "commodity_id", "commodity_spec_id", "commodity_spec_option_id", "revision", "create_time", "create_by", "updated_time", "updated_by", "deleted", "commodity_sku_name") VALUES (10156169, 10276, '{10813,10814}', '{102768,102771}', 1, '2021-12-28 10:58:36.44', 1, '2021-12-28 10:58:36.44', 1, 0, '[测试]四川巨峰葡萄五分熟五斤装');
INSERT INTO "public"."commodity_sku" ("commodity_sku_id", "commodity_id", "commodity_spec_id", "commodity_spec_option_id", "revision", "create_time", "create_by", "updated_time", "updated_by", "deleted", "commodity_sku_name") VALUES (10156168, 10276, '{10813,10814}', '{102767,102772}', 1, '2021-12-28 10:58:36.44', 1, '2021-12-28 10:58:36.44', 1, 0, '[测试]四川巨峰葡萄三分熟三斤装');
INSERT INTO "public"."commodity_sku" ("commodity_sku_id", "commodity_id", "commodity_spec_id", "commodity_spec_option_id", "revision", "create_time", "create_by", "updated_time", "updated_by", "deleted", "commodity_sku_name") VALUES (10156167, 10276, '{10813,10814}', '{102767,102771}', 1, '2021-12-28 10:58:36.44', 1, '2021-12-28 10:58:36.44', 1, 0, '[测试]四川巨峰葡萄三分熟五斤装');
INSERT INTO "public"."commodity_sku" ("commodity_sku_id", "commodity_id", "commodity_spec_id", "commodity_spec_option_id", "revision", "create_time", "create_by", "updated_time", "updated_by", "deleted", "commodity_sku_name") VALUES (10156166, 10276, '{10813,10814}', '{102766,102772}', 1, '2021-12-28 10:58:36.44', 1, '2021-12-28 10:58:36.44', 1, 0, '[测试]四川巨峰葡萄绿果三斤装');
INSERT INTO "public"."commodity_sku" ("commodity_sku_id", "commodity_id", "commodity_spec_id", "commodity_spec_option_id", "revision", "create_time", "create_by", "updated_time", "updated_by", "deleted", "commodity_sku_name") VALUES (10156165, 10276, '{10813,10814}', '{102766,102771}', 1, '2021-12-28 10:58:36.439', 1, '2021-12-28 10:58:36.439', 1, 0, '[测试]四川巨峰葡萄绿果五斤装');
INSERT INTO "public"."commodity_sku" ("commodity_sku_id", "commodity_id", "commodity_spec_id", "commodity_spec_option_id", "revision", "create_time", "create_by", "updated_time", "updated_by", "deleted", "commodity_sku_name") VALUES (10156164, 10276, '{10812,10813,10814}', '{102765,102770,102772}', 1, '2021-12-28 10:58:32.282', 1, '2021-12-28 10:58:32.282', 1, 0, '[测试]四川巨峰葡萄小全熟三斤装');
INSERT INTO "public"."commodity_sku" ("commodity_sku_id", "commodity_id", "commodity_spec_id", "commodity_spec_option_id", "revision", "create_time", "create_by", "updated_time", "updated_by", "deleted", "commodity_sku_name") VALUES (10156163, 10276, '{10812,10813,10814}', '{102765,102770,102771}', 1, '2021-12-28 10:58:32.282', 1, '2021-12-28 10:58:32.282', 1, 0, '[测试]四川巨峰葡萄小全熟五斤装');
INSERT INTO "public"."commodity_sku" ("commodity_sku_id", "commodity_id", "commodity_spec_id", "commodity_spec_option_id", "revision", "create_time", "create_by", "updated_time", "updated_by", "deleted", "commodity_sku_name") VALUES (10156162, 10276, '{10812,10813,10814}', '{102765,102769,102772}', 1, '2021-12-28 10:58:32.282', 1, '2021-12-28 10:58:32.282', 1, 0, '[测试]四川巨峰葡萄小七分熟三斤装');
INSERT INTO "public"."commodity_sku" ("commodity_sku_id", "commodity_id", "commodity_spec_id", "commodity_spec_option_id", "revision", "create_time", "create_by", "updated_time", "updated_by", "deleted", "commodity_sku_name") VALUES (10156161, 10276, '{10812,10813,10814}', '{102765,102769,102771}', 1, '2021-12-28 10:58:32.282', 1, '2021-12-28 10:58:32.282', 1, 0, '[测试]四川巨峰葡萄小七分熟五斤装');
INSERT INTO "public"."commodity_sku" ("commodity_sku_id", "commodity_id", "commodity_spec_id", "commodity_spec_option_id", "revision", "create_time", "create_by", "updated_time", "updated_by", "deleted", "commodity_sku_name") VALUES (10156160, 10276, '{10812,10813,10814}', '{102765,102768,102772}', 1, '2021-12-28 10:58:32.282', 1, '2021-12-28 10:58:32.282', 1, 0, '[测试]四川巨峰葡萄小五分熟三斤装');
INSERT INTO "public"."commodity_sku" ("commodity_sku_id", "commodity_id", "commodity_spec_id", "commodity_spec_option_id", "revision", "create_time", "create_by", "updated_time", "updated_by", "deleted", "commodity_sku_name") VALUES (10156119, 10275, '{10810}', '{102759}', 1, '2021-12-28 10:47:52.816', 1, '2021-12-28 10:47:52.816', 1, 0, '[测试]塑料包装盒3斤装');
INSERT INTO "public"."commodity_sku" ("commodity_sku_id", "commodity_id", "commodity_spec_id", "commodity_spec_option_id", "revision", "create_time", "create_by", "updated_time", "updated_by", "deleted", "commodity_sku_name") VALUES (10156072, 10275, '{10809,10810,10811}', '{102754,102757,102760}', 1, '2021-12-28 10:47:36.149', 1, '2021-12-28 10:47:36.149', 1, 0, '[测试]塑料包装盒丛林王半斤装粉色');
INSERT INTO "public"."commodity_sku" ("commodity_sku_id", "commodity_id", "commodity_spec_id", "commodity_spec_option_id", "revision", "create_time", "create_by", "updated_time", "updated_by", "deleted", "commodity_sku_name") VALUES (10156073, 10275, '{10809,10810,10811}', '{102754,102757,102761}', 1, '2021-12-28 10:47:36.149', 1, '2021-12-28 10:47:36.149', 1, 0, '[测试]塑料包装盒丛林王半斤装白色');
INSERT INTO "public"."commodity_sku" ("commodity_sku_id", "commodity_id", "commodity_spec_id", "commodity_spec_option_id", "revision", "create_time", "create_by", "updated_time", "updated_by", "deleted", "commodity_sku_name") VALUES (10156074, 10275, '{10809,10810,10811}', '{102754,102757,102762}', 1, '2021-12-28 10:47:36.149', 1, '2021-12-28 10:47:36.149', 1, 0, '[测试]塑料包装盒丛林王半斤装透明');
INSERT INTO "public"."commodity_sku" ("commodity_sku_id", "commodity_id", "commodity_spec_id", "commodity_spec_option_id", "revision", "create_time", "create_by", "updated_time", "updated_by", "deleted", "commodity_sku_name") VALUES (10156075, 10275, '{10809,10810,10811}', '{102754,102758,102760}', 1, '2021-12-28 10:47:36.149', 1, '2021-12-28 10:47:36.149', 1, 0, '[测试]塑料包装盒丛林王1斤装粉色');
INSERT INTO "public"."commodity_sku" ("commodity_sku_id", "commodity_id", "commodity_spec_id", "commodity_spec_option_id", "revision", "create_time", "create_by", "updated_time", "updated_by", "deleted", "commodity_sku_name") VALUES (10156076, 10275, '{10809,10810,10811}', '{102754,102758,102761}', 1, '2021-12-28 10:47:36.149', 1, '2021-12-28 10:47:36.149', 1, 0, '[测试]塑料包装盒丛林王1斤装白色');
INSERT INTO "public"."commodity_sku" ("commodity_sku_id", "commodity_id", "commodity_spec_id", "commodity_spec_option_id", "revision", "create_time", "create_by", "updated_time", "updated_by", "deleted", "commodity_sku_name") VALUES (10156077, 10275, '{10809,10810,10811}', '{102754,102758,102762}', 1, '2021-12-28 10:47:36.149', 1, '2021-12-28 10:47:36.149', 1, 0, '[测试]塑料包装盒丛林王1斤装透明');
INSERT INTO "public"."commodity_sku" ("commodity_sku_id", "commodity_id", "commodity_spec_id", "commodity_spec_option_id", "revision", "create_time", "create_by", "updated_time", "updated_by", "deleted", "commodity_sku_name") VALUES (10156078, 10275, '{10809,10810,10811}', '{102754,102759,102760}', 1, '2021-12-28 10:47:36.149', 1, '2021-12-28 10:47:36.149', 1, 0, '[测试]塑料包装盒丛林王3斤装粉色');
INSERT INTO "public"."commodity_sku" ("commodity_sku_id", "commodity_id", "commodity_spec_id", "commodity_spec_option_id", "revision", "create_time", "create_by", "updated_time", "updated_by", "deleted", "commodity_sku_name") VALUES (10156079, 10275, '{10809,10810,10811}', '{102754,102759,102761}', 1, '2021-12-28 10:47:36.149', 1, '2021-12-28 10:47:36.149', 1, 0, '[测试]塑料包装盒丛林王3斤装白色');
INSERT INTO "public"."commodity_sku" ("commodity_sku_id", "commodity_id", "commodity_spec_id", "commodity_spec_option_id", "revision", "create_time", "create_by", "updated_time", "updated_by", "deleted", "commodity_sku_name") VALUES (10156080, 10275, '{10809,10810,10811}', '{102754,102759,102762}', 1, '2021-12-28 10:47:36.149', 1, '2021-12-28 10:47:36.149', 1, 0, '[测试]塑料包装盒丛林王3斤装透明');
INSERT INTO "public"."commodity_sku" ("commodity_sku_id", "commodity_id", "commodity_spec_id", "commodity_spec_option_id", "revision", "create_time", "create_by", "updated_time", "updated_by", "deleted", "commodity_sku_name") VALUES (10156081, 10275, '{10809,10810,10811}', '{102755,102757,102760}', 1, '2021-12-28 10:47:36.149', 1, '2021-12-28 10:47:36.149', 1, 0, '[测试]塑料包装盒龙舟半斤装粉色');
INSERT INTO "public"."commodity_sku" ("commodity_sku_id", "commodity_id", "commodity_spec_id", "commodity_spec_option_id", "revision", "create_time", "create_by", "updated_time", "updated_by", "deleted", "commodity_sku_name") VALUES (10156082, 10275, '{10809,10810,10811}', '{102755,102757,102761}', 1, '2021-12-28 10:47:36.149', 1, '2021-12-28 10:47:36.149', 1, 0, '[测试]塑料包装盒龙舟半斤装白色');
INSERT INTO "public"."commodity_sku" ("commodity_sku_id", "commodity_id", "commodity_spec_id", "commodity_spec_option_id", "revision", "create_time", "create_by", "updated_time", "updated_by", "deleted", "commodity_sku_name") VALUES (10156083, 10275, '{10809,10810,10811}', '{102755,102757,102762}', 1, '2021-12-28 10:47:36.149', 1, '2021-12-28 10:47:36.149', 1, 0, '[测试]塑料包装盒龙舟半斤装透明');
INSERT INTO "public"."commodity_sku" ("commodity_sku_id", "commodity_id", "commodity_spec_id", "commodity_spec_option_id", "revision", "create_time", "create_by", "updated_time", "updated_by", "deleted", "commodity_sku_name") VALUES (10156084, 10275, '{10809,10810,10811}', '{102755,102758,102760}', 1, '2021-12-28 10:47:36.149', 1, '2021-12-28 10:47:36.149', 1, 0, '[测试]塑料包装盒龙舟1斤装粉色');
INSERT INTO "public"."commodity_sku" ("commodity_sku_id", "commodity_id", "commodity_spec_id", "commodity_spec_option_id", "revision", "create_time", "create_by", "updated_time", "updated_by", "deleted", "commodity_sku_name") VALUES (10156085, 10275, '{10809,10810,10811}', '{102755,102758,102761}', 1, '2021-12-28 10:47:36.149', 1, '2021-12-28 10:47:36.149', 1, 0, '[测试]塑料包装盒龙舟1斤装白色');
INSERT INTO "public"."commodity_sku" ("commodity_sku_id", "commodity_id", "commodity_spec_id", "commodity_spec_option_id", "revision", "create_time", "create_by", "updated_time", "updated_by", "deleted", "commodity_sku_name") VALUES (10156086, 10275, '{10809,10810,10811}', '{102755,102758,102762}', 1, '2021-12-28 10:47:36.149', 1, '2021-12-28 10:47:36.149', 1, 0, '[测试]塑料包装盒龙舟1斤装透明');
INSERT INTO "public"."commodity_sku" ("commodity_sku_id", "commodity_id", "commodity_spec_id", "commodity_spec_option_id", "revision", "create_time", "create_by", "updated_time", "updated_by", "deleted", "commodity_sku_name") VALUES (10156087, 10275, '{10809,10810,10811}', '{102755,102759,102760}', 1, '2021-12-28 10:47:36.149', 1, '2021-12-28 10:47:36.149', 1, 0, '[测试]塑料包装盒龙舟3斤装粉色');
INSERT INTO "public"."commodity_sku" ("commodity_sku_id", "commodity_id", "commodity_spec_id", "commodity_spec_option_id", "revision", "create_time", "create_by", "updated_time", "updated_by", "deleted", "commodity_sku_name") VALUES (10156088, 10275, '{10809,10810,10811}', '{102755,102759,102761}', 1, '2021-12-28 10:47:36.149', 1, '2021-12-28 10:47:36.149', 1, 0, '[测试]塑料包装盒龙舟3斤装白色');
INSERT INTO "public"."commodity_sku" ("commodity_sku_id", "commodity_id", "commodity_spec_id", "commodity_spec_option_id", "revision", "create_time", "create_by", "updated_time", "updated_by", "deleted", "commodity_sku_name") VALUES (10156089, 10275, '{10809,10810,10811}', '{102755,102759,102762}', 1, '2021-12-28 10:47:36.149', 1, '2021-12-28 10:47:36.149', 1, 0, '[测试]塑料包装盒龙舟3斤装透明');
INSERT INTO "public"."commodity_sku" ("commodity_sku_id", "commodity_id", "commodity_spec_id", "commodity_spec_option_id", "revision", "create_time", "create_by", "updated_time", "updated_by", "deleted", "commodity_sku_name") VALUES (10156090, 10275, '{10809,10810,10811}', '{102756,102757,102760}', 1, '2021-12-28 10:47:36.149', 1, '2021-12-28 10:47:36.149', 1, 0, '[测试]塑料包装盒干尧半斤装粉色');
INSERT INTO "public"."commodity_sku" ("commodity_sku_id", "commodity_id", "commodity_spec_id", "commodity_spec_option_id", "revision", "create_time", "create_by", "updated_time", "updated_by", "deleted", "commodity_sku_name") VALUES (10156091, 10275, '{10809,10810,10811}', '{102756,102757,102761}', 1, '2021-12-28 10:47:36.149', 1, '2021-12-28 10:47:36.149', 1, 0, '[测试]塑料包装盒干尧半斤装白色');
INSERT INTO "public"."commodity_sku" ("commodity_sku_id", "commodity_id", "commodity_spec_id", "commodity_spec_option_id", "revision", "create_time", "create_by", "updated_time", "updated_by", "deleted", "commodity_sku_name") VALUES (10156092, 10275, '{10809,10810,10811}', '{102756,102757,102762}', 1, '2021-12-28 10:47:36.149', 1, '2021-12-28 10:47:36.149', 1, 0, '[测试]塑料包装盒干尧半斤装透明');
INSERT INTO "public"."commodity_sku" ("commodity_sku_id", "commodity_id", "commodity_spec_id", "commodity_spec_option_id", "revision", "create_time", "create_by", "updated_time", "updated_by", "deleted", "commodity_sku_name") VALUES (10156093, 10275, '{10809,10810,10811}', '{102756,102758,102760}', 1, '2021-12-28 10:47:36.149', 1, '2021-12-28 10:47:36.149', 1, 0, '[测试]塑料包装盒干尧1斤装粉色');
INSERT INTO "public"."commodity_sku" ("commodity_sku_id", "commodity_id", "commodity_spec_id", "commodity_spec_option_id", "revision", "create_time", "create_by", "updated_time", "updated_by", "deleted", "commodity_sku_name") VALUES (10156094, 10275, '{10809,10810,10811}', '{102756,102758,102761}', 1, '2021-12-28 10:47:36.149', 1, '2021-12-28 10:47:36.149', 1, 0, '[测试]塑料包装盒干尧1斤装白色');
INSERT INTO "public"."commodity_sku" ("commodity_sku_id", "commodity_id", "commodity_spec_id", "commodity_spec_option_id", "revision", "create_time", "create_by", "updated_time", "updated_by", "deleted", "commodity_sku_name") VALUES (10156095, 10275, '{10809,10810,10811}', '{102756,102758,102762}', 1, '2021-12-28 10:47:36.149', 1, '2021-12-28 10:47:36.149', 1, 0, '[测试]塑料包装盒干尧1斤装透明');
INSERT INTO "public"."commodity_sku" ("commodity_sku_id", "commodity_id", "commodity_spec_id", "commodity_spec_option_id", "revision", "create_time", "create_by", "updated_time", "updated_by", "deleted", "commodity_sku_name") VALUES (10156096, 10275, '{10809,10810,10811}', '{102756,102759,102760}', 1, '2021-12-28 10:47:36.149', 1, '2021-12-28 10:47:36.149', 1, 0, '[测试]塑料包装盒干尧3斤装粉色');
INSERT INTO "public"."commodity_sku" ("commodity_sku_id", "commodity_id", "commodity_spec_id", "commodity_spec_option_id", "revision", "create_time", "create_by", "updated_time", "updated_by", "deleted", "commodity_sku_name") VALUES (10156097, 10275, '{10809,10810,10811}', '{102756,102759,102761}', 1, '2021-12-28 10:47:36.149', 1, '2021-12-28 10:47:36.149', 1, 0, '[测试]塑料包装盒干尧3斤装白色');
INSERT INTO "public"."commodity_sku" ("commodity_sku_id", "commodity_id", "commodity_spec_id", "commodity_spec_option_id", "revision", "create_time", "create_by", "updated_time", "updated_by", "deleted", "commodity_sku_name") VALUES (10156098, 10275, '{10809,10810,10811}', '{102756,102759,102762}', 1, '2021-12-28 10:47:36.149', 1, '2021-12-28 10:47:36.149', 1, 0, '[测试]塑料包装盒干尧3斤装透明');
INSERT INTO "public"."commodity_sku" ("commodity_sku_id", "commodity_id", "commodity_spec_id", "commodity_spec_option_id", "revision", "create_time", "create_by", "updated_time", "updated_by", "deleted", "commodity_sku_name") VALUES (10156099, 10275, '{10809,10811}', '{102754,102760}', 1, '2021-12-28 10:47:42.625', 1, '2021-12-28 10:47:42.625', 1, 0, '[测试]塑料包装盒丛林王粉色');
INSERT INTO "public"."commodity_sku" ("commodity_sku_id", "commodity_id", "commodity_spec_id", "commodity_spec_option_id", "revision", "create_time", "create_by", "updated_time", "updated_by", "deleted", "commodity_sku_name") VALUES (10156100, 10275, '{10809,10811}', '{102754,102761}', 1, '2021-12-28 10:47:42.625', 1, '2021-12-28 10:47:42.625', 1, 0, '[测试]塑料包装盒丛林王白色');
INSERT INTO "public"."commodity_sku" ("commodity_sku_id", "commodity_id", "commodity_spec_id", "commodity_spec_option_id", "revision", "create_time", "create_by", "updated_time", "updated_by", "deleted", "commodity_sku_name") VALUES (10156101, 10275, '{10809,10811}', '{102754,102762}', 1, '2021-12-28 10:47:42.625', 1, '2021-12-28 10:47:42.625', 1, 0, '[测试]塑料包装盒丛林王透明');
INSERT INTO "public"."commodity_sku" ("commodity_sku_id", "commodity_id", "commodity_spec_id", "commodity_spec_option_id", "revision", "create_time", "create_by", "updated_time", "updated_by", "deleted", "commodity_sku_name") VALUES (10156102, 10275, '{10809,10811}', '{102755,102760}', 1, '2021-12-28 10:47:42.625', 1, '2021-12-28 10:47:42.625', 1, 0, '[测试]塑料包装盒龙舟粉色');
INSERT INTO "public"."commodity_sku" ("commodity_sku_id", "commodity_id", "commodity_spec_id", "commodity_spec_option_id", "revision", "create_time", "create_by", "updated_time", "updated_by", "deleted", "commodity_sku_name") VALUES (10156103, 10275, '{10809,10811}', '{102755,102761}', 1, '2021-12-28 10:47:42.625', 1, '2021-12-28 10:47:42.625', 1, 0, '[测试]塑料包装盒龙舟白色');
INSERT INTO "public"."commodity_sku" ("commodity_sku_id", "commodity_id", "commodity_spec_id", "commodity_spec_option_id", "revision", "create_time", "create_by", "updated_time", "updated_by", "deleted", "commodity_sku_name") VALUES (10156104, 10275, '{10809,10811}', '{102755,102762}', 1, '2021-12-28 10:47:42.625', 1, '2021-12-28 10:47:42.625', 1, 0, '[测试]塑料包装盒龙舟透明');
INSERT INTO "public"."commodity_sku" ("commodity_sku_id", "commodity_id", "commodity_spec_id", "commodity_spec_option_id", "revision", "create_time", "create_by", "updated_time", "updated_by", "deleted", "commodity_sku_name") VALUES (10156105, 10275, '{10809,10811}', '{102756,102760}', 1, '2021-12-28 10:47:42.625', 1, '2021-12-28 10:47:42.625', 1, 0, '[测试]塑料包装盒干尧粉色');
INSERT INTO "public"."commodity_sku" ("commodity_sku_id", "commodity_id", "commodity_spec_id", "commodity_spec_option_id", "revision", "create_time", "create_by", "updated_time", "updated_by", "deleted", "commodity_sku_name") VALUES (10156106, 10275, '{10809,10811}', '{102756,102761}', 1, '2021-12-28 10:47:42.625', 1, '2021-12-28 10:47:42.625', 1, 0, '[测试]塑料包装盒干尧白色');
INSERT INTO "public"."commodity_sku" ("commodity_sku_id", "commodity_id", "commodity_spec_id", "commodity_spec_option_id", "revision", "create_time", "create_by", "updated_time", "updated_by", "deleted", "commodity_sku_name") VALUES (10156107, 10275, '{10809,10811}', '{102756,102762}', 1, '2021-12-28 10:47:42.625', 1, '2021-12-28 10:47:42.625', 1, 0, '[测试]塑料包装盒干尧透明');
INSERT INTO "public"."commodity_sku" ("commodity_sku_id", "commodity_id", "commodity_spec_id", "commodity_spec_option_id", "revision", "create_time", "create_by", "updated_time", "updated_by", "deleted", "commodity_sku_name") VALUES (10156108, 10275, '{10810,10811}', '{102757,102760}', 1, '2021-12-28 10:47:48.086', 1, '2021-12-28 10:47:48.086', 1, 0, '[测试]塑料包装盒半斤装粉色');
INSERT INTO "public"."commodity_sku" ("commodity_sku_id", "commodity_id", "commodity_spec_id", "commodity_spec_option_id", "revision", "create_time", "create_by", "updated_time", "updated_by", "deleted", "commodity_sku_name") VALUES (10156109, 10275, '{10810,10811}', '{102757,102761}', 1, '2021-12-28 10:47:48.086', 1, '2021-12-28 10:47:48.086', 1, 0, '[测试]塑料包装盒半斤装白色');
INSERT INTO "public"."commodity_sku" ("commodity_sku_id", "commodity_id", "commodity_spec_id", "commodity_spec_option_id", "revision", "create_time", "create_by", "updated_time", "updated_by", "deleted", "commodity_sku_name") VALUES (10156110, 10275, '{10810,10811}', '{102757,102762}', 1, '2021-12-28 10:47:48.086', 1, '2021-12-28 10:47:48.086', 1, 0, '[测试]塑料包装盒半斤装透明');
INSERT INTO "public"."commodity_sku" ("commodity_sku_id", "commodity_id", "commodity_spec_id", "commodity_spec_option_id", "revision", "create_time", "create_by", "updated_time", "updated_by", "deleted", "commodity_sku_name") VALUES (10156111, 10275, '{10810,10811}', '{102758,102760}', 1, '2021-12-28 10:47:48.086', 1, '2021-12-28 10:47:48.086', 1, 0, '[测试]塑料包装盒1斤装粉色');
INSERT INTO "public"."commodity_sku" ("commodity_sku_id", "commodity_id", "commodity_spec_id", "commodity_spec_option_id", "revision", "create_time", "create_by", "updated_time", "updated_by", "deleted", "commodity_sku_name") VALUES (10156112, 10275, '{10810,10811}', '{102758,102761}', 1, '2021-12-28 10:47:48.086', 1, '2021-12-28 10:47:48.086', 1, 0, '[测试]塑料包装盒1斤装白色');
INSERT INTO "public"."commodity_sku" ("commodity_sku_id", "commodity_id", "commodity_spec_id", "commodity_spec_option_id", "revision", "create_time", "create_by", "updated_time", "updated_by", "deleted", "commodity_sku_name") VALUES (10156113, 10275, '{10810,10811}', '{102758,102762}', 1, '2021-12-28 10:47:48.086', 1, '2021-12-28 10:47:48.086', 1, 0, '[测试]塑料包装盒1斤装透明');
INSERT INTO "public"."commodity_sku" ("commodity_sku_id", "commodity_id", "commodity_spec_id", "commodity_spec_option_id", "revision", "create_time", "create_by", "updated_time", "updated_by", "deleted", "commodity_sku_name") VALUES (10156114, 10275, '{10810,10811}', '{102759,102760}', 1, '2021-12-28 10:47:48.086', 1, '2021-12-28 10:47:48.086', 1, 0, '[测试]塑料包装盒3斤装粉色');
INSERT INTO "public"."commodity_sku" ("commodity_sku_id", "commodity_id", "commodity_spec_id", "commodity_spec_option_id", "revision", "create_time", "create_by", "updated_time", "updated_by", "deleted", "commodity_sku_name") VALUES (10156115, 10275, '{10810,10811}', '{102759,102761}', 1, '2021-12-28 10:47:48.086', 1, '2021-12-28 10:47:48.086', 1, 0, '[测试]塑料包装盒3斤装白色');
INSERT INTO "public"."commodity_sku" ("commodity_sku_id", "commodity_id", "commodity_spec_id", "commodity_spec_option_id", "revision", "create_time", "create_by", "updated_time", "updated_by", "deleted", "commodity_sku_name") VALUES (10156116, 10275, '{10810,10811}', '{102759,102762}', 1, '2021-12-28 10:47:48.086', 1, '2021-12-28 10:47:48.086', 1, 0, '[测试]塑料包装盒3斤装透明');
INSERT INTO "public"."commodity_sku" ("commodity_sku_id", "commodity_id", "commodity_spec_id", "commodity_spec_option_id", "revision", "create_time", "create_by", "updated_time", "updated_by", "deleted", "commodity_sku_name") VALUES (10156117, 10275, '{10810}', '{102757}', 1, '2021-12-28 10:47:52.816', 1, '2021-12-28 10:47:52.816', 1, 0, '[测试]塑料包装盒半斤装');
INSERT INTO "public"."commodity_sku" ("commodity_sku_id", "commodity_id", "commodity_spec_id", "commodity_spec_option_id", "revision", "create_time", "create_by", "updated_time", "updated_by", "deleted", "commodity_sku_name") VALUES (10156118, 10275, '{10810}', '{102758}', 1, '2021-12-28 10:47:52.816', 1, '2021-12-28 10:47:52.816', 1, 0, '[测试]塑料包装盒1斤装');
INSERT INTO "public"."commodity_sku" ("commodity_sku_id", "commodity_id", "commodity_spec_id", "commodity_spec_option_id", "revision", "create_time", "create_by", "updated_time", "updated_by", "deleted", "commodity_sku_name") VALUES (10156120, 10275, '{10811}', '{102760}', 1, '2021-12-28 10:47:56.536', 1, '2021-12-28 10:47:56.536', 1, 0, '[测试]塑料包装盒粉色');
INSERT INTO "public"."commodity_sku" ("commodity_sku_id", "commodity_id", "commodity_spec_id", "commodity_spec_option_id", "revision", "create_time", "create_by", "updated_time", "updated_by", "deleted", "commodity_sku_name") VALUES (10156121, 10275, '{10811}', '{102761}', 1, '2021-12-28 10:47:56.536', 1, '2021-12-28 10:47:56.536', 1, 0, '[测试]塑料包装盒白色');
INSERT INTO "public"."commodity_sku" ("commodity_sku_id", "commodity_id", "commodity_spec_id", "commodity_spec_option_id", "revision", "create_time", "create_by", "updated_time", "updated_by", "deleted", "commodity_sku_name") VALUES (10156122, 10275, '{10811}', '{102762}', 1, '2021-12-28 10:47:56.536', 1, '2021-12-28 10:47:56.536', 1, 0, '[测试]塑料包装盒透明');
INSERT INTO "public"."commodity_sku" ("commodity_sku_id", "commodity_id", "commodity_spec_id", "commodity_spec_option_id", "revision", "create_time", "create_by", "updated_time", "updated_by", "deleted", "commodity_sku_name") VALUES (10156123, 10275, '{10809}', '{102754}', 1, '2021-12-28 10:48:01.11', 1, '2021-12-28 10:48:01.11', 1, 0, '[测试]塑料包装盒丛林王');
INSERT INTO "public"."commodity_sku" ("commodity_sku_id", "commodity_id", "commodity_spec_id", "commodity_spec_option_id", "revision", "create_time", "create_by", "updated_time", "updated_by", "deleted", "commodity_sku_name") VALUES (10156124, 10275, '{10809}', '{102755}', 1, '2021-12-28 10:48:01.11', 1, '2021-12-28 10:48:01.11', 1, 0, '[测试]塑料包装盒龙舟');
INSERT INTO "public"."commodity_sku" ("commodity_sku_id", "commodity_id", "commodity_spec_id", "commodity_spec_option_id", "revision", "create_time", "create_by", "updated_time", "updated_by", "deleted", "commodity_sku_name") VALUES (10156125, 10275, '{10809}', '{102756}', 1, '2021-12-28 10:48:01.11', 1, '2021-12-28 10:48:01.11', 1, 0, '[测试]塑料包装盒干尧');
INSERT INTO "public"."commodity_sku" ("commodity_sku_id", "commodity_id", "commodity_spec_id", "commodity_spec_option_id", "revision", "create_time", "create_by", "updated_time", "updated_by", "deleted", "commodity_sku_name") VALUES (10156126, 10275, '{10809,10810}', '{102754,102757}', 1, '2021-12-28 10:48:06.983', 1, '2021-12-28 10:48:06.983', 1, 0, '[测试]塑料包装盒丛林王半斤装');
INSERT INTO "public"."commodity_sku" ("commodity_sku_id", "commodity_id", "commodity_spec_id", "commodity_spec_option_id", "revision", "create_time", "create_by", "updated_time", "updated_by", "deleted", "commodity_sku_name") VALUES (10156127, 10275, '{10809,10810}', '{102754,102758}', 1, '2021-12-28 10:48:06.983', 1, '2021-12-28 10:48:06.983', 1, 0, '[测试]塑料包装盒丛林王1斤装');
INSERT INTO "public"."commodity_sku" ("commodity_sku_id", "commodity_id", "commodity_spec_id", "commodity_spec_option_id", "revision", "create_time", "create_by", "updated_time", "updated_by", "deleted", "commodity_sku_name") VALUES (10156128, 10275, '{10809,10810}', '{102754,102759}', 1, '2021-12-28 10:48:06.983', 1, '2021-12-28 10:48:06.983', 1, 0, '[测试]塑料包装盒丛林王3斤装');
INSERT INTO "public"."commodity_sku" ("commodity_sku_id", "commodity_id", "commodity_spec_id", "commodity_spec_option_id", "revision", "create_time", "create_by", "updated_time", "updated_by", "deleted", "commodity_sku_name") VALUES (10156129, 10275, '{10809,10810}', '{102755,102757}', 1, '2021-12-28 10:48:06.983', 1, '2021-12-28 10:48:06.983', 1, 0, '[测试]塑料包装盒龙舟半斤装');
INSERT INTO "public"."commodity_sku" ("commodity_sku_id", "commodity_id", "commodity_spec_id", "commodity_spec_option_id", "revision", "create_time", "create_by", "updated_time", "updated_by", "deleted", "commodity_sku_name") VALUES (10156130, 10275, '{10809,10810}', '{102755,102758}', 1, '2021-12-28 10:48:06.983', 1, '2021-12-28 10:48:06.983', 1, 0, '[测试]塑料包装盒龙舟1斤装');
INSERT INTO "public"."commodity_sku" ("commodity_sku_id", "commodity_id", "commodity_spec_id", "commodity_spec_option_id", "revision", "create_time", "create_by", "updated_time", "updated_by", "deleted", "commodity_sku_name") VALUES (10156131, 10275, '{10809,10810}', '{102755,102759}', 1, '2021-12-28 10:48:06.983', 1, '2021-12-28 10:48:06.983', 1, 0, '[测试]塑料包装盒龙舟3斤装');
INSERT INTO "public"."commodity_sku" ("commodity_sku_id", "commodity_id", "commodity_spec_id", "commodity_spec_option_id", "revision", "create_time", "create_by", "updated_time", "updated_by", "deleted", "commodity_sku_name") VALUES (10156132, 10275, '{10809,10810}', '{102756,102757}', 1, '2021-12-28 10:48:06.983', 1, '2021-12-28 10:48:06.983', 1, 0, '[测试]塑料包装盒干尧半斤装');
INSERT INTO "public"."commodity_sku" ("commodity_sku_id", "commodity_id", "commodity_spec_id", "commodity_spec_option_id", "revision", "create_time", "create_by", "updated_time", "updated_by", "deleted", "commodity_sku_name") VALUES (10156133, 10275, '{10809,10810}', '{102756,102758}', 1, '2021-12-28 10:48:06.983', 1, '2021-12-28 10:48:06.983', 1, 0, '[测试]塑料包装盒干尧1斤装');
INSERT INTO "public"."commodity_sku" ("commodity_sku_id", "commodity_id", "commodity_spec_id", "commodity_spec_option_id", "revision", "create_time", "create_by", "updated_time", "updated_by", "deleted", "commodity_sku_name") VALUES (10156134, 10275, '{10809,10810}', '{102756,102759}', 1, '2021-12-28 10:48:06.983', 1, '2021-12-28 10:48:06.983', 1, 0, '[测试]塑料包装盒干尧3斤装');
INSERT INTO "public"."commodity_sku" ("commodity_sku_id", "commodity_id", "commodity_spec_id", "commodity_spec_option_id", "revision", "create_time", "create_by", "updated_time", "updated_by", "deleted", "commodity_sku_name") VALUES (10156025, 10274, '{10806,10807,10808}', '{102746,102748,102751}', 1, '2021-12-28 10:43:43.267', 1, '2021-12-28 10:43:43.267', 1, 0, '[测试]南瓜饼HJ微甜白色');
INSERT INTO "public"."commodity_sku" ("commodity_sku_id", "commodity_id", "commodity_spec_id", "commodity_spec_option_id", "revision", "create_time", "create_by", "updated_time", "updated_by", "deleted", "commodity_sku_name") VALUES (10156071, 10274, '{10806,10808}', '{102747,102753}', 1, '2021-12-28 10:44:14.847', 1, '2021-12-28 10:44:14.847', 1, 0, '[测试]南瓜饼龙舟绿色');
INSERT INTO "public"."commodity_sku" ("commodity_sku_id", "commodity_id", "commodity_spec_id", "commodity_spec_option_id", "revision", "create_time", "create_by", "updated_time", "updated_by", "deleted", "commodity_sku_name") VALUES (10156070, 10274, '{10806,10808}', '{102747,102752}', 1, '2021-12-28 10:44:14.847', 1, '2021-12-28 10:44:14.847', 1, 0, '[测试]南瓜饼龙舟红色');
INSERT INTO "public"."commodity_sku" ("commodity_sku_id", "commodity_id", "commodity_spec_id", "commodity_spec_option_id", "revision", "create_time", "create_by", "updated_time", "updated_by", "deleted", "commodity_sku_name") VALUES (10156069, 10274, '{10806,10808}', '{102747,102751}', 1, '2021-12-28 10:44:14.847', 1, '2021-12-28 10:44:14.847', 1, 0, '[测试]南瓜饼龙舟白色');
INSERT INTO "public"."commodity_sku" ("commodity_sku_id", "commodity_id", "commodity_spec_id", "commodity_spec_option_id", "revision", "create_time", "create_by", "updated_time", "updated_by", "deleted", "commodity_sku_name") VALUES (10156068, 10274, '{10806,10808}', '{102746,102753}', 1, '2021-12-28 10:44:14.847', 1, '2021-12-28 10:44:14.847', 1, 0, '[测试]南瓜饼HJ绿色');
INSERT INTO "public"."commodity_sku" ("commodity_sku_id", "commodity_id", "commodity_spec_id", "commodity_spec_option_id", "revision", "create_time", "create_by", "updated_time", "updated_by", "deleted", "commodity_sku_name") VALUES (10156067, 10274, '{10806,10808}', '{102746,102752}', 1, '2021-12-28 10:44:14.847', 1, '2021-12-28 10:44:14.847', 1, 0, '[测试]南瓜饼HJ红色');
INSERT INTO "public"."commodity_sku" ("commodity_sku_id", "commodity_id", "commodity_spec_id", "commodity_spec_option_id", "revision", "create_time", "create_by", "updated_time", "updated_by", "deleted", "commodity_sku_name") VALUES (10156066, 10274, '{10806,10808}', '{102746,102751}', 1, '2021-12-28 10:44:14.847', 1, '2021-12-28 10:44:14.847', 1, 0, '[测试]南瓜饼HJ白色');
INSERT INTO "public"."commodity_sku" ("commodity_sku_id", "commodity_id", "commodity_spec_id", "commodity_spec_option_id", "revision", "create_time", "create_by", "updated_time", "updated_by", "deleted", "commodity_sku_name") VALUES (10156065, 10274, '{10806,10807}', '{102747,102750}', 1, '2021-12-28 10:44:07.331', 1, '2021-12-28 10:44:07.331', 1, 0, '[测试]南瓜饼龙舟非常甜');
INSERT INTO "public"."commodity_sku" ("commodity_sku_id", "commodity_id", "commodity_spec_id", "commodity_spec_option_id", "revision", "create_time", "create_by", "updated_time", "updated_by", "deleted", "commodity_sku_name") VALUES (10156064, 10274, '{10806,10807}', '{102747,102749}', 1, '2021-12-28 10:44:07.331', 1, '2021-12-28 10:44:07.331', 1, 0, '[测试]南瓜饼龙舟中甜');
INSERT INTO "public"."commodity_sku" ("commodity_sku_id", "commodity_id", "commodity_spec_id", "commodity_spec_option_id", "revision", "create_time", "create_by", "updated_time", "updated_by", "deleted", "commodity_sku_name") VALUES (10156063, 10274, '{10806,10807}', '{102747,102748}', 1, '2021-12-28 10:44:07.331', 1, '2021-12-28 10:44:07.331', 1, 0, '[测试]南瓜饼龙舟微甜');
INSERT INTO "public"."commodity_sku" ("commodity_sku_id", "commodity_id", "commodity_spec_id", "commodity_spec_option_id", "revision", "create_time", "create_by", "updated_time", "updated_by", "deleted", "commodity_sku_name") VALUES (10156062, 10274, '{10806,10807}', '{102746,102750}', 1, '2021-12-28 10:44:07.331', 1, '2021-12-28 10:44:07.331', 1, 0, '[测试]南瓜饼HJ非常甜');
INSERT INTO "public"."commodity_sku" ("commodity_sku_id", "commodity_id", "commodity_spec_id", "commodity_spec_option_id", "revision", "create_time", "create_by", "updated_time", "updated_by", "deleted", "commodity_sku_name") VALUES (10156061, 10274, '{10806,10807}', '{102746,102749}', 1, '2021-12-28 10:44:07.331', 1, '2021-12-28 10:44:07.331', 1, 0, '[测试]南瓜饼HJ中甜');
INSERT INTO "public"."commodity_sku" ("commodity_sku_id", "commodity_id", "commodity_spec_id", "commodity_spec_option_id", "revision", "create_time", "create_by", "updated_time", "updated_by", "deleted", "commodity_sku_name") VALUES (10156060, 10274, '{10806,10807}', '{102746,102748}', 1, '2021-12-28 10:44:07.331', 1, '2021-12-28 10:44:07.331', 1, 0, '[测试]南瓜饼HJ微甜');
INSERT INTO "public"."commodity_sku" ("commodity_sku_id", "commodity_id", "commodity_spec_id", "commodity_spec_option_id", "revision", "create_time", "create_by", "updated_time", "updated_by", "deleted", "commodity_sku_name") VALUES (10156059, 10274, '{10807,10808}', '{102750,102753}', 1, '2021-12-28 10:44:02.879', 1, '2021-12-28 10:44:02.879', 1, 0, '[测试]南瓜饼非常甜绿色');
INSERT INTO "public"."commodity_sku" ("commodity_sku_id", "commodity_id", "commodity_spec_id", "commodity_spec_option_id", "revision", "create_time", "create_by", "updated_time", "updated_by", "deleted", "commodity_sku_name") VALUES (10156058, 10274, '{10807,10808}', '{102750,102752}', 1, '2021-12-28 10:44:02.879', 1, '2021-12-28 10:44:02.879', 1, 0, '[测试]南瓜饼非常甜红色');
INSERT INTO "public"."commodity_sku" ("commodity_sku_id", "commodity_id", "commodity_spec_id", "commodity_spec_option_id", "revision", "create_time", "create_by", "updated_time", "updated_by", "deleted", "commodity_sku_name") VALUES (10156057, 10274, '{10807,10808}', '{102750,102751}', 1, '2021-12-28 10:44:02.879', 1, '2021-12-28 10:44:02.879', 1, 0, '[测试]南瓜饼非常甜白色');
INSERT INTO "public"."commodity_sku" ("commodity_sku_id", "commodity_id", "commodity_spec_id", "commodity_spec_option_id", "revision", "create_time", "create_by", "updated_time", "updated_by", "deleted", "commodity_sku_name") VALUES (10156056, 10274, '{10807,10808}', '{102749,102753}', 1, '2021-12-28 10:44:02.879', 1, '2021-12-28 10:44:02.879', 1, 0, '[测试]南瓜饼中甜绿色');
INSERT INTO "public"."commodity_sku" ("commodity_sku_id", "commodity_id", "commodity_spec_id", "commodity_spec_option_id", "revision", "create_time", "create_by", "updated_time", "updated_by", "deleted", "commodity_sku_name") VALUES (10156055, 10274, '{10807,10808}', '{102749,102752}', 1, '2021-12-28 10:44:02.879', 1, '2021-12-28 10:44:02.879', 1, 0, '[测试]南瓜饼中甜红色');
INSERT INTO "public"."commodity_sku" ("commodity_sku_id", "commodity_id", "commodity_spec_id", "commodity_spec_option_id", "revision", "create_time", "create_by", "updated_time", "updated_by", "deleted", "commodity_sku_name") VALUES (10156054, 10274, '{10807,10808}', '{102749,102751}', 1, '2021-12-28 10:44:02.879', 1, '2021-12-28 10:44:02.879', 1, 0, '[测试]南瓜饼中甜白色');
INSERT INTO "public"."commodity_sku" ("commodity_sku_id", "commodity_id", "commodity_spec_id", "commodity_spec_option_id", "revision", "create_time", "create_by", "updated_time", "updated_by", "deleted", "commodity_sku_name") VALUES (10156053, 10274, '{10807,10808}', '{102748,102753}', 1, '2021-12-28 10:44:02.879', 1, '2021-12-28 10:44:02.879', 1, 0, '[测试]南瓜饼微甜绿色');
INSERT INTO "public"."commodity_sku" ("commodity_sku_id", "commodity_id", "commodity_spec_id", "commodity_spec_option_id", "revision", "create_time", "create_by", "updated_time", "updated_by", "deleted", "commodity_sku_name") VALUES (10156052, 10274, '{10807,10808}', '{102748,102752}', 1, '2021-12-28 10:44:02.879', 1, '2021-12-28 10:44:02.879', 1, 0, '[测试]南瓜饼微甜红色');
INSERT INTO "public"."commodity_sku" ("commodity_sku_id", "commodity_id", "commodity_spec_id", "commodity_spec_option_id", "revision", "create_time", "create_by", "updated_time", "updated_by", "deleted", "commodity_sku_name") VALUES (10156051, 10274, '{10807,10808}', '{102748,102751}', 1, '2021-12-28 10:44:02.879', 1, '2021-12-28 10:44:02.879', 1, 0, '[测试]南瓜饼微甜白色');
INSERT INTO "public"."commodity_sku" ("commodity_sku_id", "commodity_id", "commodity_spec_id", "commodity_spec_option_id", "revision", "create_time", "create_by", "updated_time", "updated_by", "deleted", "commodity_sku_name") VALUES (10156050, 10274, '{10808}', '{102753}', 1, '2021-12-28 10:43:56.187', 1, '2021-12-28 10:43:56.187', 1, 0, '[测试]南瓜饼绿色');
INSERT INTO "public"."commodity_sku" ("commodity_sku_id", "commodity_id", "commodity_spec_id", "commodity_spec_option_id", "revision", "create_time", "create_by", "updated_time", "updated_by", "deleted", "commodity_sku_name") VALUES (10156049, 10274, '{10808}', '{102752}', 1, '2021-12-28 10:43:56.187', 1, '2021-12-28 10:43:56.187', 1, 0, '[测试]南瓜饼红色');
INSERT INTO "public"."commodity_sku" ("commodity_sku_id", "commodity_id", "commodity_spec_id", "commodity_spec_option_id", "revision", "create_time", "create_by", "updated_time", "updated_by", "deleted", "commodity_sku_name") VALUES (10156048, 10274, '{10808}', '{102751}', 1, '2021-12-28 10:43:56.187', 1, '2021-12-28 10:43:56.187', 1, 0, '[测试]南瓜饼白色');
INSERT INTO "public"."commodity_sku" ("commodity_sku_id", "commodity_id", "commodity_spec_id", "commodity_spec_option_id", "revision", "create_time", "create_by", "updated_time", "updated_by", "deleted", "commodity_sku_name") VALUES (10156047, 10274, '{10807}', '{102750}', 1, '2021-12-28 10:43:51.489', 1, '2021-12-28 10:43:51.489', 1, 0, '[测试]南瓜饼非常甜');
INSERT INTO "public"."commodity_sku" ("commodity_sku_id", "commodity_id", "commodity_spec_id", "commodity_spec_option_id", "revision", "create_time", "create_by", "updated_time", "updated_by", "deleted", "commodity_sku_name") VALUES (10156046, 10274, '{10807}', '{102749}', 1, '2021-12-28 10:43:51.489', 1, '2021-12-28 10:43:51.489', 1, 0, '[测试]南瓜饼中甜');
INSERT INTO "public"."commodity_sku" ("commodity_sku_id", "commodity_id", "commodity_spec_id", "commodity_spec_option_id", "revision", "create_time", "create_by", "updated_time", "updated_by", "deleted", "commodity_sku_name") VALUES (10156045, 10274, '{10807}', '{102748}', 1, '2021-12-28 10:43:51.489', 1, '2021-12-28 10:43:51.489', 1, 0, '[测试]南瓜饼微甜');
INSERT INTO "public"."commodity_sku" ("commodity_sku_id", "commodity_id", "commodity_spec_id", "commodity_spec_option_id", "revision", "create_time", "create_by", "updated_time", "updated_by", "deleted", "commodity_sku_name") VALUES (10156044, 10274, '{10806}', '{102747}', 1, '2021-12-28 10:43:48.08', 1, '2021-12-28 10:43:48.08', 1, 0, '[测试]南瓜饼龙舟');
INSERT INTO "public"."commodity_sku" ("commodity_sku_id", "commodity_id", "commodity_spec_id", "commodity_spec_option_id", "revision", "create_time", "create_by", "updated_time", "updated_by", "deleted", "commodity_sku_name") VALUES (10156043, 10274, '{10806}', '{102746}', 1, '2021-12-28 10:43:48.08', 1, '2021-12-28 10:43:48.08', 1, 0, '[测试]南瓜饼HJ');
INSERT INTO "public"."commodity_sku" ("commodity_sku_id", "commodity_id", "commodity_spec_id", "commodity_spec_option_id", "revision", "create_time", "create_by", "updated_time", "updated_by", "deleted", "commodity_sku_name") VALUES (10156042, 10274, '{10806,10807,10808}', '{102747,102750,102753}', 1, '2021-12-28 10:43:43.267', 1, '2021-12-28 10:43:43.267', 1, 0, '[测试]南瓜饼龙舟非常甜绿色');
INSERT INTO "public"."commodity_sku" ("commodity_sku_id", "commodity_id", "commodity_spec_id", "commodity_spec_option_id", "revision", "create_time", "create_by", "updated_time", "updated_by", "deleted", "commodity_sku_name") VALUES (10156041, 10274, '{10806,10807,10808}', '{102747,102750,102752}', 1, '2021-12-28 10:43:43.267', 1, '2021-12-28 10:43:43.267', 1, 0, '[测试]南瓜饼龙舟非常甜红色');
INSERT INTO "public"."commodity_sku" ("commodity_sku_id", "commodity_id", "commodity_spec_id", "commodity_spec_option_id", "revision", "create_time", "create_by", "updated_time", "updated_by", "deleted", "commodity_sku_name") VALUES (10156040, 10274, '{10806,10807,10808}', '{102747,102750,102751}', 1, '2021-12-28 10:43:43.267', 1, '2021-12-28 10:43:43.267', 1, 0, '[测试]南瓜饼龙舟非常甜白色');
INSERT INTO "public"."commodity_sku" ("commodity_sku_id", "commodity_id", "commodity_spec_id", "commodity_spec_option_id", "revision", "create_time", "create_by", "updated_time", "updated_by", "deleted", "commodity_sku_name") VALUES (10156039, 10274, '{10806,10807,10808}', '{102747,102749,102753}', 1, '2021-12-28 10:43:43.267', 1, '2021-12-28 10:43:43.267', 1, 0, '[测试]南瓜饼龙舟中甜绿色');
INSERT INTO "public"."commodity_sku" ("commodity_sku_id", "commodity_id", "commodity_spec_id", "commodity_spec_option_id", "revision", "create_time", "create_by", "updated_time", "updated_by", "deleted", "commodity_sku_name") VALUES (10156038, 10274, '{10806,10807,10808}', '{102747,102749,102752}', 1, '2021-12-28 10:43:43.267', 1, '2021-12-28 10:43:43.267', 1, 0, '[测试]南瓜饼龙舟中甜红色');
INSERT INTO "public"."commodity_sku" ("commodity_sku_id", "commodity_id", "commodity_spec_id", "commodity_spec_option_id", "revision", "create_time", "create_by", "updated_time", "updated_by", "deleted", "commodity_sku_name") VALUES (10156037, 10274, '{10806,10807,10808}', '{102747,102749,102751}', 1, '2021-12-28 10:43:43.267', 1, '2021-12-28 10:43:43.267', 1, 0, '[测试]南瓜饼龙舟中甜白色');
INSERT INTO "public"."commodity_sku" ("commodity_sku_id", "commodity_id", "commodity_spec_id", "commodity_spec_option_id", "revision", "create_time", "create_by", "updated_time", "updated_by", "deleted", "commodity_sku_name") VALUES (10156036, 10274, '{10806,10807,10808}', '{102747,102748,102753}', 1, '2021-12-28 10:43:43.267', 1, '2021-12-28 10:43:43.267', 1, 0, '[测试]南瓜饼龙舟微甜绿色');
INSERT INTO "public"."commodity_sku" ("commodity_sku_id", "commodity_id", "commodity_spec_id", "commodity_spec_option_id", "revision", "create_time", "create_by", "updated_time", "updated_by", "deleted", "commodity_sku_name") VALUES (10156035, 10274, '{10806,10807,10808}', '{102747,102748,102752}', 1, '2021-12-28 10:43:43.267', 1, '2021-12-28 10:43:43.267', 1, 0, '[测试]南瓜饼龙舟微甜红色');
INSERT INTO "public"."commodity_sku" ("commodity_sku_id", "commodity_id", "commodity_spec_id", "commodity_spec_option_id", "revision", "create_time", "create_by", "updated_time", "updated_by", "deleted", "commodity_sku_name") VALUES (10156034, 10274, '{10806,10807,10808}', '{102747,102748,102751}', 1, '2021-12-28 10:43:43.267', 1, '2021-12-28 10:43:43.267', 1, 0, '[测试]南瓜饼龙舟微甜白色');
INSERT INTO "public"."commodity_sku" ("commodity_sku_id", "commodity_id", "commodity_spec_id", "commodity_spec_option_id", "revision", "create_time", "create_by", "updated_time", "updated_by", "deleted", "commodity_sku_name") VALUES (10156033, 10274, '{10806,10807,10808}', '{102746,102750,102753}', 1, '2021-12-28 10:43:43.267', 1, '2021-12-28 10:43:43.267', 1, 0, '[测试]南瓜饼HJ非常甜绿色');
INSERT INTO "public"."commodity_sku" ("commodity_sku_id", "commodity_id", "commodity_spec_id", "commodity_spec_option_id", "revision", "create_time", "create_by", "updated_time", "updated_by", "deleted", "commodity_sku_name") VALUES (10156032, 10274, '{10806,10807,10808}', '{102746,102750,102752}', 1, '2021-12-28 10:43:43.267', 1, '2021-12-28 10:43:43.267', 1, 0, '[测试]南瓜饼HJ非常甜红色');
INSERT INTO "public"."commodity_sku" ("commodity_sku_id", "commodity_id", "commodity_spec_id", "commodity_spec_option_id", "revision", "create_time", "create_by", "updated_time", "updated_by", "deleted", "commodity_sku_name") VALUES (10156031, 10274, '{10806,10807,10808}', '{102746,102750,102751}', 1, '2021-12-28 10:43:43.267', 1, '2021-12-28 10:43:43.267', 1, 0, '[测试]南瓜饼HJ非常甜白色');
INSERT INTO "public"."commodity_sku" ("commodity_sku_id", "commodity_id", "commodity_spec_id", "commodity_spec_option_id", "revision", "create_time", "create_by", "updated_time", "updated_by", "deleted", "commodity_sku_name") VALUES (10156030, 10274, '{10806,10807,10808}', '{102746,102749,102753}', 1, '2021-12-28 10:43:43.267', 1, '2021-12-28 10:43:43.267', 1, 0, '[测试]南瓜饼HJ中甜绿色');
INSERT INTO "public"."commodity_sku" ("commodity_sku_id", "commodity_id", "commodity_spec_id", "commodity_spec_option_id", "revision", "create_time", "create_by", "updated_time", "updated_by", "deleted", "commodity_sku_name") VALUES (10156029, 10274, '{10806,10807,10808}', '{102746,102749,102752}', 1, '2021-12-28 10:43:43.267', 1, '2021-12-28 10:43:43.267', 1, 0, '[测试]南瓜饼HJ中甜红色');
INSERT INTO "public"."commodity_sku" ("commodity_sku_id", "commodity_id", "commodity_spec_id", "commodity_spec_option_id", "revision", "create_time", "create_by", "updated_time", "updated_by", "deleted", "commodity_sku_name") VALUES (10156028, 10274, '{10806,10807,10808}', '{102746,102749,102751}', 1, '2021-12-28 10:43:43.267', 1, '2021-12-28 10:43:43.267', 1, 0, '[测试]南瓜饼HJ中甜白色');
INSERT INTO "public"."commodity_sku" ("commodity_sku_id", "commodity_id", "commodity_spec_id", "commodity_spec_option_id", "revision", "create_time", "create_by", "updated_time", "updated_by", "deleted", "commodity_sku_name") VALUES (10156027, 10274, '{10806,10807,10808}', '{102746,102748,102753}', 1, '2021-12-28 10:43:43.267', 1, '2021-12-28 10:43:43.267', 1, 0, '[测试]南瓜饼HJ微甜绿色');
INSERT INTO "public"."commodity_sku" ("commodity_sku_id", "commodity_id", "commodity_spec_id", "commodity_spec_option_id", "revision", "create_time", "create_by", "updated_time", "updated_by", "deleted", "commodity_sku_name") VALUES (10156026, 10274, '{10806,10807,10808}', '{102746,102748,102752}', 1, '2021-12-28 10:43:43.267', 1, '2021-12-28 10:43:43.267', 1, 0, '[测试]南瓜饼HJ微甜红色');
INSERT INTO "public"."commodity_sku" ("commodity_sku_id", "commodity_id", "commodity_spec_id", "commodity_spec_option_id", "revision", "create_time", "create_by", "updated_time", "updated_by", "deleted", "commodity_sku_name") VALUES (10156006, 10273, '{10803,10804}', '{102738,102742}', 1, '2021-12-28 10:40:21.212', 1, '2021-12-28 10:40:21.212', 1, 0, '[测试]榴莲饼HJ8');
INSERT INTO "public"."commodity_sku" ("commodity_sku_id", "commodity_id", "commodity_spec_id", "commodity_spec_option_id", "revision", "create_time", "create_by", "updated_time", "updated_by", "deleted", "commodity_sku_name") VALUES (10156015, 10273, '{10803,10805}', '{102739,102745}', 1, '2021-12-28 10:40:27.448', 1, '2021-12-28 10:40:27.449', 1, 0, '[测试]榴莲饼龙舟白色');
INSERT INTO "public"."commodity_sku" ("commodity_sku_id", "commodity_id", "commodity_spec_id", "commodity_spec_option_id", "revision", "create_time", "create_by", "updated_time", "updated_by", "deleted", "commodity_sku_name") VALUES (10156014, 10273, '{10803,10805}', '{102739,102744}', 1, '2021-12-28 10:40:27.448', 1, '2021-12-28 10:40:27.448', 1, 0, '[测试]榴莲饼龙舟粉色');
INSERT INTO "public"."commodity_sku" ("commodity_sku_id", "commodity_id", "commodity_spec_id", "commodity_spec_option_id", "revision", "create_time", "create_by", "updated_time", "updated_by", "deleted", "commodity_sku_name") VALUES (10156013, 10273, '{10803,10805}', '{102739,102743}', 1, '2021-12-28 10:40:27.448', 1, '2021-12-28 10:40:27.448', 1, 0, '[测试]榴莲饼龙舟红色');
INSERT INTO "public"."commodity_sku" ("commodity_sku_id", "commodity_id", "commodity_spec_id", "commodity_spec_option_id", "revision", "create_time", "create_by", "updated_time", "updated_by", "deleted", "commodity_sku_name") VALUES (10156012, 10273, '{10803,10805}', '{102738,102745}', 1, '2021-12-28 10:40:27.448', 1, '2021-12-28 10:40:27.448', 1, 0, '[测试]榴莲饼HJ白色');
INSERT INTO "public"."commodity_sku" ("commodity_sku_id", "commodity_id", "commodity_spec_id", "commodity_spec_option_id", "revision", "create_time", "create_by", "updated_time", "updated_by", "deleted", "commodity_sku_name") VALUES (10156011, 10273, '{10803,10805}', '{102738,102744}', 1, '2021-12-28 10:40:27.448', 1, '2021-12-28 10:40:27.448', 1, 0, '[测试]榴莲饼HJ粉色');
INSERT INTO "public"."commodity_sku" ("commodity_sku_id", "commodity_id", "commodity_spec_id", "commodity_spec_option_id", "revision", "create_time", "create_by", "updated_time", "updated_by", "deleted", "commodity_sku_name") VALUES (10156010, 10273, '{10803,10805}', '{102738,102743}', 1, '2021-12-28 10:40:27.448', 1, '2021-12-28 10:40:27.448', 1, 0, '[测试]榴莲饼HJ红色');
INSERT INTO "public"."commodity_sku" ("commodity_sku_id", "commodity_id", "commodity_spec_id", "commodity_spec_option_id", "revision", "create_time", "create_by", "updated_time", "updated_by", "deleted", "commodity_sku_name") VALUES (10156009, 10273, '{10803,10804}', '{102739,102742}', 1, '2021-12-28 10:40:21.212', 1, '2021-12-28 10:40:21.212', 1, 0, '[测试]榴莲饼龙舟8');
INSERT INTO "public"."commodity_sku" ("commodity_sku_id", "commodity_id", "commodity_spec_id", "commodity_spec_option_id", "revision", "create_time", "create_by", "updated_time", "updated_by", "deleted", "commodity_sku_name") VALUES (10156008, 10273, '{10803,10804}', '{102739,102741}', 1, '2021-12-28 10:40:21.212', 1, '2021-12-28 10:40:21.212', 1, 0, '[测试]榴莲饼龙舟6');
INSERT INTO "public"."commodity_sku" ("commodity_sku_id", "commodity_id", "commodity_spec_id", "commodity_spec_option_id", "revision", "create_time", "create_by", "updated_time", "updated_by", "deleted", "commodity_sku_name") VALUES (10156007, 10273, '{10803,10804}', '{102739,102740}', 1, '2021-12-28 10:40:21.212', 1, '2021-12-28 10:40:21.212', 1, 0, '[测试]榴莲饼龙舟4');
INSERT INTO "public"."commodity_sku" ("commodity_sku_id", "commodity_id", "commodity_spec_id", "commodity_spec_option_id", "revision", "create_time", "create_by", "updated_time", "updated_by", "deleted", "commodity_sku_name") VALUES (10156005, 10273, '{10803,10804}', '{102738,102741}', 1, '2021-12-28 10:40:21.212', 1, '2021-12-28 10:40:21.212', 1, 0, '[测试]榴莲饼HJ6');
INSERT INTO "public"."commodity_sku" ("commodity_sku_id", "commodity_id", "commodity_spec_id", "commodity_spec_option_id", "revision", "create_time", "create_by", "updated_time", "updated_by", "deleted", "commodity_sku_name") VALUES (10156004, 10273, '{10803,10804}', '{102738,102740}', 1, '2021-12-28 10:40:21.212', 1, '2021-12-28 10:40:21.212', 1, 0, '[测试]榴莲饼HJ4');
INSERT INTO "public"."commodity_sku" ("commodity_sku_id", "commodity_id", "commodity_spec_id", "commodity_spec_option_id", "revision", "create_time", "create_by", "updated_time", "updated_by", "deleted", "commodity_sku_name") VALUES (10156003, 10273, '{10805}', '{102745}', 1, '2021-12-28 10:40:14.32', 1, '2021-12-28 10:40:14.32', 1, 0, '[测试]榴莲饼白色');
INSERT INTO "public"."commodity_sku" ("commodity_sku_id", "commodity_id", "commodity_spec_id", "commodity_spec_option_id", "revision", "create_time", "create_by", "updated_time", "updated_by", "deleted", "commodity_sku_name") VALUES (10156002, 10273, '{10805}', '{102744}', 1, '2021-12-28 10:40:14.32', 1, '2021-12-28 10:40:14.32', 1, 0, '[测试]榴莲饼粉色');
INSERT INTO "public"."commodity_sku" ("commodity_sku_id", "commodity_id", "commodity_spec_id", "commodity_spec_option_id", "revision", "create_time", "create_by", "updated_time", "updated_by", "deleted", "commodity_sku_name") VALUES (10156001, 10273, '{10805}', '{102743}', 1, '2021-12-28 10:40:14.32', 1, '2021-12-28 10:40:14.32', 1, 0, '[测试]榴莲饼红色');
INSERT INTO "public"."commodity_sku" ("commodity_sku_id", "commodity_id", "commodity_spec_id", "commodity_spec_option_id", "revision", "create_time", "create_by", "updated_time", "updated_by", "deleted", "commodity_sku_name") VALUES (10156000, 10273, '{10804}', '{102742}', 1, '2021-12-28 10:40:09.8', 1, '2021-12-28 10:40:09.8', 1, 0, '[测试]榴莲饼8');
INSERT INTO "public"."commodity_sku" ("commodity_sku_id", "commodity_id", "commodity_spec_id", "commodity_spec_option_id", "revision", "create_time", "create_by", "updated_time", "updated_by", "deleted", "commodity_sku_name") VALUES (10155999, 10273, '{10804}', '{102741}', 1, '2021-12-28 10:40:09.8', 1, '2021-12-28 10:40:09.8', 1, 0, '[测试]榴莲饼6');
INSERT INTO "public"."commodity_sku" ("commodity_sku_id", "commodity_id", "commodity_spec_id", "commodity_spec_option_id", "revision", "create_time", "create_by", "updated_time", "updated_by", "deleted", "commodity_sku_name") VALUES (10155998, 10273, '{10804}', '{102740}', 1, '2021-12-28 10:40:09.8', 1, '2021-12-28 10:40:09.8', 1, 0, '[测试]榴莲饼4');
INSERT INTO "public"."commodity_sku" ("commodity_sku_id", "commodity_id", "commodity_spec_id", "commodity_spec_option_id", "revision", "create_time", "create_by", "updated_time", "updated_by", "deleted", "commodity_sku_name") VALUES (10155997, 10273, '{10803}', '{102739}', 1, '2021-12-28 10:40:05.431', 1, '2021-12-28 10:40:05.431', 1, 0, '[测试]榴莲饼龙舟');
INSERT INTO "public"."commodity_sku" ("commodity_sku_id", "commodity_id", "commodity_spec_id", "commodity_spec_option_id", "revision", "create_time", "create_by", "updated_time", "updated_by", "deleted", "commodity_sku_name") VALUES (10155996, 10273, '{10803}', '{102738}', 1, '2021-12-28 10:40:05.431', 1, '2021-12-28 10:40:05.431', 1, 0, '[测试]榴莲饼HJ');
INSERT INTO "public"."commodity_sku" ("commodity_sku_id", "commodity_id", "commodity_spec_id", "commodity_spec_option_id", "revision", "create_time", "create_by", "updated_time", "updated_by", "deleted", "commodity_sku_name") VALUES (10155995, 10273, '{10803,10804,10805}', '{102739,102742,102745}', 1, '2021-12-28 10:40:01.474', 1, '2021-12-28 10:40:01.474', 1, 0, '[测试]榴莲饼龙舟8白色');
INSERT INTO "public"."commodity_sku" ("commodity_sku_id", "commodity_id", "commodity_spec_id", "commodity_spec_option_id", "revision", "create_time", "create_by", "updated_time", "updated_by", "deleted", "commodity_sku_name") VALUES (10155994, 10273, '{10803,10804,10805}', '{102739,102742,102744}', 1, '2021-12-28 10:40:01.474', 1, '2021-12-28 10:40:01.474', 1, 0, '[测试]榴莲饼龙舟8粉色');
INSERT INTO "public"."commodity_sku" ("commodity_sku_id", "commodity_id", "commodity_spec_id", "commodity_spec_option_id", "revision", "create_time", "create_by", "updated_time", "updated_by", "deleted", "commodity_sku_name") VALUES (10155993, 10273, '{10803,10804,10805}', '{102739,102742,102743}', 1, '2021-12-28 10:40:01.474', 1, '2021-12-28 10:40:01.474', 1, 0, '[测试]榴莲饼龙舟8红色');
INSERT INTO "public"."commodity_sku" ("commodity_sku_id", "commodity_id", "commodity_spec_id", "commodity_spec_option_id", "revision", "create_time", "create_by", "updated_time", "updated_by", "deleted", "commodity_sku_name") VALUES (10155992, 10273, '{10803,10804,10805}', '{102739,102741,102745}', 1, '2021-12-28 10:40:01.474', 1, '2021-12-28 10:40:01.474', 1, 0, '[测试]榴莲饼龙舟6白色');
INSERT INTO "public"."commodity_sku" ("commodity_sku_id", "commodity_id", "commodity_spec_id", "commodity_spec_option_id", "revision", "create_time", "create_by", "updated_time", "updated_by", "deleted", "commodity_sku_name") VALUES (10155991, 10273, '{10803,10804,10805}', '{102739,102741,102744}', 1, '2021-12-28 10:40:01.474', 1, '2021-12-28 10:40:01.474', 1, 0, '[测试]榴莲饼龙舟6粉色');
INSERT INTO "public"."commodity_sku" ("commodity_sku_id", "commodity_id", "commodity_spec_id", "commodity_spec_option_id", "revision", "create_time", "create_by", "updated_time", "updated_by", "deleted", "commodity_sku_name") VALUES (10155990, 10273, '{10803,10804,10805}', '{102739,102741,102743}', 1, '2021-12-28 10:40:01.474', 1, '2021-12-28 10:40:01.474', 1, 0, '[测试]榴莲饼龙舟6红色');
INSERT INTO "public"."commodity_sku" ("commodity_sku_id", "commodity_id", "commodity_spec_id", "commodity_spec_option_id", "revision", "create_time", "create_by", "updated_time", "updated_by", "deleted", "commodity_sku_name") VALUES (10155989, 10273, '{10803,10804,10805}', '{102739,102740,102745}', 1, '2021-12-28 10:40:01.474', 1, '2021-12-28 10:40:01.474', 1, 0, '[测试]榴莲饼龙舟4白色');
INSERT INTO "public"."commodity_sku" ("commodity_sku_id", "commodity_id", "commodity_spec_id", "commodity_spec_option_id", "revision", "create_time", "create_by", "updated_time", "updated_by", "deleted", "commodity_sku_name") VALUES (10155988, 10273, '{10803,10804,10805}', '{102739,102740,102744}', 1, '2021-12-28 10:40:01.474', 1, '2021-12-28 10:40:01.474', 1, 0, '[测试]榴莲饼龙舟4粉色');
INSERT INTO "public"."commodity_sku" ("commodity_sku_id", "commodity_id", "commodity_spec_id", "commodity_spec_option_id", "revision", "create_time", "create_by", "updated_time", "updated_by", "deleted", "commodity_sku_name") VALUES (10155987, 10273, '{10803,10804,10805}', '{102739,102740,102743}', 1, '2021-12-28 10:40:01.474', 1, '2021-12-28 10:40:01.474', 1, 0, '[测试]榴莲饼龙舟4红色');
INSERT INTO "public"."commodity_sku" ("commodity_sku_id", "commodity_id", "commodity_spec_id", "commodity_spec_option_id", "revision", "create_time", "create_by", "updated_time", "updated_by", "deleted", "commodity_sku_name") VALUES (10155986, 10273, '{10803,10804,10805}', '{102738,102742,102745}', 1, '2021-12-28 10:40:01.474', 1, '2021-12-28 10:40:01.474', 1, 0, '[测试]榴莲饼HJ8白色');
INSERT INTO "public"."commodity_sku" ("commodity_sku_id", "commodity_id", "commodity_spec_id", "commodity_spec_option_id", "revision", "create_time", "create_by", "updated_time", "updated_by", "deleted", "commodity_sku_name") VALUES (10155985, 10273, '{10803,10804,10805}', '{102738,102742,102744}', 1, '2021-12-28 10:40:01.474', 1, '2021-12-28 10:40:01.474', 1, 0, '[测试]榴莲饼HJ8粉色');
INSERT INTO "public"."commodity_sku" ("commodity_sku_id", "commodity_id", "commodity_spec_id", "commodity_spec_option_id", "revision", "create_time", "create_by", "updated_time", "updated_by", "deleted", "commodity_sku_name") VALUES (10155984, 10273, '{10803,10804,10805}', '{102738,102742,102743}', 1, '2021-12-28 10:40:01.474', 1, '2021-12-28 10:40:01.474', 1, 0, '[测试]榴莲饼HJ8红色');
INSERT INTO "public"."commodity_sku" ("commodity_sku_id", "commodity_id", "commodity_spec_id", "commodity_spec_option_id", "revision", "create_time", "create_by", "updated_time", "updated_by", "deleted", "commodity_sku_name") VALUES (10155983, 10273, '{10803,10804,10805}', '{102738,102741,102745}', 1, '2021-12-28 10:40:01.474', 1, '2021-12-28 10:40:01.474', 1, 0, '[测试]榴莲饼HJ6白色');
INSERT INTO "public"."commodity_sku" ("commodity_sku_id", "commodity_id", "commodity_spec_id", "commodity_spec_option_id", "revision", "create_time", "create_by", "updated_time", "updated_by", "deleted", "commodity_sku_name") VALUES (10155982, 10273, '{10803,10804,10805}', '{102738,102741,102744}', 1, '2021-12-28 10:40:01.474', 1, '2021-12-28 10:40:01.474', 1, 0, '[测试]榴莲饼HJ6粉色');
INSERT INTO "public"."commodity_sku" ("commodity_sku_id", "commodity_id", "commodity_spec_id", "commodity_spec_option_id", "revision", "create_time", "create_by", "updated_time", "updated_by", "deleted", "commodity_sku_name") VALUES (10155981, 10273, '{10803,10804,10805}', '{102738,102741,102743}', 1, '2021-12-28 10:40:01.474', 1, '2021-12-28 10:40:01.474', 1, 0, '[测试]榴莲饼HJ6红色');
INSERT INTO "public"."commodity_sku" ("commodity_sku_id", "commodity_id", "commodity_spec_id", "commodity_spec_option_id", "revision", "create_time", "create_by", "updated_time", "updated_by", "deleted", "commodity_sku_name") VALUES (10155980, 10273, '{10803,10804,10805}', '{102738,102740,102745}', 1, '2021-12-28 10:40:01.474', 1, '2021-12-28 10:40:01.474', 1, 0, '[测试]榴莲饼HJ4白色');
INSERT INTO "public"."commodity_sku" ("commodity_sku_id", "commodity_id", "commodity_spec_id", "commodity_spec_option_id", "revision", "create_time", "create_by", "updated_time", "updated_by", "deleted", "commodity_sku_name") VALUES (10155979, 10273, '{10803,10804,10805}', '{102738,102740,102744}', 1, '2021-12-28 10:40:01.474', 1, '2021-12-28 10:40:01.474', 1, 0, '[测试]榴莲饼HJ4粉色');
INSERT INTO "public"."commodity_sku" ("commodity_sku_id", "commodity_id", "commodity_spec_id", "commodity_spec_option_id", "revision", "create_time", "create_by", "updated_time", "updated_by", "deleted", "commodity_sku_name") VALUES (10155978, 10273, '{10803,10804,10805}', '{102738,102740,102743}', 1, '2021-12-28 10:40:01.474', 1, '2021-12-28 10:40:01.474', 1, 0, '[测试]榴莲饼HJ4红色');
INSERT INTO "public"."commodity_sku" ("commodity_sku_id", "commodity_id", "commodity_spec_id", "commodity_spec_option_id", "revision", "create_time", "create_by", "updated_time", "updated_by", "deleted", "commodity_sku_name") VALUES (10156016, 10273, '{10804,10805}', '{102740,102743}', 1, '2021-12-28 10:40:31.751', 1, '2021-12-28 10:40:31.751', 1, 0, '[测试]榴莲饼4红色');
INSERT INTO "public"."commodity_sku" ("commodity_sku_id", "commodity_id", "commodity_spec_id", "commodity_spec_option_id", "revision", "create_time", "create_by", "updated_time", "updated_by", "deleted", "commodity_sku_name") VALUES (10156017, 10273, '{10804,10805}', '{102740,102744}', 1, '2021-12-28 10:40:31.751', 1, '2021-12-28 10:40:31.751', 1, 0, '[测试]榴莲饼4粉色');
INSERT INTO "public"."commodity_sku" ("commodity_sku_id", "commodity_id", "commodity_spec_id", "commodity_spec_option_id", "revision", "create_time", "create_by", "updated_time", "updated_by", "deleted", "commodity_sku_name") VALUES (10156018, 10273, '{10804,10805}', '{102740,102745}', 1, '2021-12-28 10:40:31.751', 1, '2021-12-28 10:40:31.751', 1, 0, '[测试]榴莲饼4白色');
INSERT INTO "public"."commodity_sku" ("commodity_sku_id", "commodity_id", "commodity_spec_id", "commodity_spec_option_id", "revision", "create_time", "create_by", "updated_time", "updated_by", "deleted", "commodity_sku_name") VALUES (10156019, 10273, '{10804,10805}', '{102741,102743}', 1, '2021-12-28 10:40:31.751', 1, '2021-12-28 10:40:31.751', 1, 0, '[测试]榴莲饼6红色');
INSERT INTO "public"."commodity_sku" ("commodity_sku_id", "commodity_id", "commodity_spec_id", "commodity_spec_option_id", "revision", "create_time", "create_by", "updated_time", "updated_by", "deleted", "commodity_sku_name") VALUES (10156020, 10273, '{10804,10805}', '{102741,102744}', 1, '2021-12-28 10:40:31.751', 1, '2021-12-28 10:40:31.751', 1, 0, '[测试]榴莲饼6粉色');
INSERT INTO "public"."commodity_sku" ("commodity_sku_id", "commodity_id", "commodity_spec_id", "commodity_spec_option_id", "revision", "create_time", "create_by", "updated_time", "updated_by", "deleted", "commodity_sku_name") VALUES (10156021, 10273, '{10804,10805}', '{102741,102745}', 1, '2021-12-28 10:40:31.751', 1, '2021-12-28 10:40:31.751', 1, 0, '[测试]榴莲饼6白色');
INSERT INTO "public"."commodity_sku" ("commodity_sku_id", "commodity_id", "commodity_spec_id", "commodity_spec_option_id", "revision", "create_time", "create_by", "updated_time", "updated_by", "deleted", "commodity_sku_name") VALUES (10156022, 10273, '{10804,10805}', '{102742,102743}', 1, '2021-12-28 10:40:31.751', 1, '2021-12-28 10:40:31.751', 1, 0, '[测试]榴莲饼8红色');
INSERT INTO "public"."commodity_sku" ("commodity_sku_id", "commodity_id", "commodity_spec_id", "commodity_spec_option_id", "revision", "create_time", "create_by", "updated_time", "updated_by", "deleted", "commodity_sku_name") VALUES (10156023, 10273, '{10804,10805}', '{102742,102744}', 1, '2021-12-28 10:40:31.751', 1, '2021-12-28 10:40:31.751', 1, 0, '[测试]榴莲饼8粉色');
INSERT INTO "public"."commodity_sku" ("commodity_sku_id", "commodity_id", "commodity_spec_id", "commodity_spec_option_id", "revision", "create_time", "create_by", "updated_time", "updated_by", "deleted", "commodity_sku_name") VALUES (10156024, 10273, '{10804,10805}', '{102742,102745}', 1, '2021-12-28 10:40:31.751', 1, '2021-12-28 10:40:31.751', 1, 0, '[测试]榴莲饼8白色');
INSERT INTO "public"."commodity_sku" ("commodity_sku_id", "commodity_id", "commodity_spec_id", "commodity_spec_option_id", "revision", "create_time", "create_by", "updated_time", "updated_by", "deleted", "commodity_sku_name") VALUES (10155948, 10272, '{10801,10802}', '{102731,102735}', 1, '2021-12-28 10:36:06.019', 1, '2021-12-28 10:36:06.019', 1, 0, '[测试]手提袋红色24#笑脸');
INSERT INTO "public"."commodity_sku" ("commodity_sku_id", "commodity_id", "commodity_spec_id", "commodity_spec_option_id", "revision", "create_time", "create_by", "updated_time", "updated_by", "deleted", "commodity_sku_name") VALUES (10155977, 10272, '{10801}', '{102733}', 1, '2021-12-28 10:36:23.795', 1, '2021-12-28 10:36:23.795', 1, 0, '[测试]手提袋黑色');
INSERT INTO "public"."commodity_sku" ("commodity_sku_id", "commodity_id", "commodity_spec_id", "commodity_spec_option_id", "revision", "create_time", "create_by", "updated_time", "updated_by", "deleted", "commodity_sku_name") VALUES (10155976, 10272, '{10801}', '{102732}', 1, '2021-12-28 10:36:23.795', 1, '2021-12-28 10:36:23.795', 1, 0, '[测试]手提袋透明');
INSERT INTO "public"."commodity_sku" ("commodity_sku_id", "commodity_id", "commodity_spec_id", "commodity_spec_option_id", "revision", "create_time", "create_by", "updated_time", "updated_by", "deleted", "commodity_sku_name") VALUES (10155975, 10272, '{10801}', '{102731}', 1, '2021-12-28 10:36:23.795', 1, '2021-12-28 10:36:23.795', 1, 0, '[测试]手提袋红色');
INSERT INTO "public"."commodity_sku" ("commodity_sku_id", "commodity_id", "commodity_spec_id", "commodity_spec_option_id", "revision", "create_time", "create_by", "updated_time", "updated_by", "deleted", "commodity_sku_name") VALUES (10155974, 10272, '{10802}', '{102737}', 1, '2021-12-28 10:36:18.386', 1, '2021-12-28 10:36:18.386', 1, 0, '[测试]手提袋30#笑脸');
INSERT INTO "public"."commodity_sku" ("commodity_sku_id", "commodity_id", "commodity_spec_id", "commodity_spec_option_id", "revision", "create_time", "create_by", "updated_time", "updated_by", "deleted", "commodity_sku_name") VALUES (10155973, 10272, '{10802}', '{102736}', 1, '2021-12-28 10:36:18.386', 1, '2021-12-28 10:36:18.386', 1, 0, '[测试]手提袋26#笑脸');
INSERT INTO "public"."commodity_sku" ("commodity_sku_id", "commodity_id", "commodity_spec_id", "commodity_spec_option_id", "revision", "create_time", "create_by", "updated_time", "updated_by", "deleted", "commodity_sku_name") VALUES (10155972, 10272, '{10802}', '{102735}', 1, '2021-12-28 10:36:18.386', 1, '2021-12-28 10:36:18.386', 1, 0, '[测试]手提袋24#笑脸');
INSERT INTO "public"."commodity_sku" ("commodity_sku_id", "commodity_id", "commodity_spec_id", "commodity_spec_option_id", "revision", "create_time", "create_by", "updated_time", "updated_by", "deleted", "commodity_sku_name") VALUES (10155971, 10272, '{10802}', '{102734}', 1, '2021-12-28 10:36:18.386', 1, '2021-12-28 10:36:18.386', 1, 0, '[测试]手提袋20#笑脸');
INSERT INTO "public"."commodity_sku" ("commodity_sku_id", "commodity_id", "commodity_spec_id", "commodity_spec_option_id", "revision", "create_time", "create_by", "updated_time", "updated_by", "deleted", "commodity_sku_name") VALUES (10155970, 10272, '{10800,10802}', '{102730,102737}', 1, '2021-12-28 10:36:12.126', 1, '2021-12-28 10:36:12.126', 1, 0, '[测试]手提袋5斤装30#笑脸');
INSERT INTO "public"."commodity_sku" ("commodity_sku_id", "commodity_id", "commodity_spec_id", "commodity_spec_option_id", "revision", "create_time", "create_by", "updated_time", "updated_by", "deleted", "commodity_sku_name") VALUES (10155969, 10272, '{10800,10802}', '{102730,102736}', 1, '2021-12-28 10:36:12.126', 1, '2021-12-28 10:36:12.126', 1, 0, '[测试]手提袋5斤装26#笑脸');
INSERT INTO "public"."commodity_sku" ("commodity_sku_id", "commodity_id", "commodity_spec_id", "commodity_spec_option_id", "revision", "create_time", "create_by", "updated_time", "updated_by", "deleted", "commodity_sku_name") VALUES (10155968, 10272, '{10800,10802}', '{102730,102735}', 1, '2021-12-28 10:36:12.126', 1, '2021-12-28 10:36:12.126', 1, 0, '[测试]手提袋5斤装24#笑脸');
INSERT INTO "public"."commodity_sku" ("commodity_sku_id", "commodity_id", "commodity_spec_id", "commodity_spec_option_id", "revision", "create_time", "create_by", "updated_time", "updated_by", "deleted", "commodity_sku_name") VALUES (10155967, 10272, '{10800,10802}', '{102730,102734}', 1, '2021-12-28 10:36:12.126', 1, '2021-12-28 10:36:12.126', 1, 0, '[测试]手提袋5斤装20#笑脸');
INSERT INTO "public"."commodity_sku" ("commodity_sku_id", "commodity_id", "commodity_spec_id", "commodity_spec_option_id", "revision", "create_time", "create_by", "updated_time", "updated_by", "deleted", "commodity_sku_name") VALUES (10155966, 10272, '{10800,10802}', '{102729,102737}', 1, '2021-12-28 10:36:12.126', 1, '2021-12-28 10:36:12.126', 1, 0, '[测试]手提袋3斤装30#笑脸');
INSERT INTO "public"."commodity_sku" ("commodity_sku_id", "commodity_id", "commodity_spec_id", "commodity_spec_option_id", "revision", "create_time", "create_by", "updated_time", "updated_by", "deleted", "commodity_sku_name") VALUES (10155965, 10272, '{10800,10802}', '{102729,102736}', 1, '2021-12-28 10:36:12.126', 1, '2021-12-28 10:36:12.126', 1, 0, '[测试]手提袋3斤装26#笑脸');
INSERT INTO "public"."commodity_sku" ("commodity_sku_id", "commodity_id", "commodity_spec_id", "commodity_spec_option_id", "revision", "create_time", "create_by", "updated_time", "updated_by", "deleted", "commodity_sku_name") VALUES (10155964, 10272, '{10800,10802}', '{102729,102735}', 1, '2021-12-28 10:36:12.126', 1, '2021-12-28 10:36:12.126', 1, 0, '[测试]手提袋3斤装24#笑脸');
INSERT INTO "public"."commodity_sku" ("commodity_sku_id", "commodity_id", "commodity_spec_id", "commodity_spec_option_id", "revision", "create_time", "create_by", "updated_time", "updated_by", "deleted", "commodity_sku_name") VALUES (10155963, 10272, '{10800,10802}', '{102729,102734}', 1, '2021-12-28 10:36:12.126', 1, '2021-12-28 10:36:12.126', 1, 0, '[测试]手提袋3斤装20#笑脸');
INSERT INTO "public"."commodity_sku" ("commodity_sku_id", "commodity_id", "commodity_spec_id", "commodity_spec_option_id", "revision", "create_time", "create_by", "updated_time", "updated_by", "deleted", "commodity_sku_name") VALUES (10155962, 10272, '{10800,10802}', '{102728,102737}', 1, '2021-12-28 10:36:12.126', 1, '2021-12-28 10:36:12.126', 1, 0, '[测试]手提袋1斤装30#笑脸');
INSERT INTO "public"."commodity_sku" ("commodity_sku_id", "commodity_id", "commodity_spec_id", "commodity_spec_option_id", "revision", "create_time", "create_by", "updated_time", "updated_by", "deleted", "commodity_sku_name") VALUES (10155961, 10272, '{10800,10802}', '{102728,102736}', 1, '2021-12-28 10:36:12.126', 1, '2021-12-28 10:36:12.126', 1, 0, '[测试]手提袋1斤装26#笑脸');
INSERT INTO "public"."commodity_sku" ("commodity_sku_id", "commodity_id", "commodity_spec_id", "commodity_spec_option_id", "revision", "create_time", "create_by", "updated_time", "updated_by", "deleted", "commodity_sku_name") VALUES (10155960, 10272, '{10800,10802}', '{102728,102735}', 1, '2021-12-28 10:36:12.125', 1, '2021-12-28 10:36:12.125', 1, 0, '[测试]手提袋1斤装24#笑脸');
INSERT INTO "public"."commodity_sku" ("commodity_sku_id", "commodity_id", "commodity_spec_id", "commodity_spec_option_id", "revision", "create_time", "create_by", "updated_time", "updated_by", "deleted", "commodity_sku_name") VALUES (10155950, 10272, '{10801,10802}', '{102731,102737}', 1, '2021-12-28 10:36:06.019', 1, '2021-12-28 10:36:06.019', 1, 0, '[测试]手提袋红色30#笑脸');
INSERT INTO "public"."commodity_sku" ("commodity_sku_id", "commodity_id", "commodity_spec_id", "commodity_spec_option_id", "revision", "create_time", "create_by", "updated_time", "updated_by", "deleted", "commodity_sku_name") VALUES (10155951, 10272, '{10801,10802}', '{102732,102734}', 1, '2021-12-28 10:36:06.019', 1, '2021-12-28 10:36:06.019', 1, 0, '[测试]手提袋透明20#笑脸');
INSERT INTO "public"."commodity_sku" ("commodity_sku_id", "commodity_id", "commodity_spec_id", "commodity_spec_option_id", "revision", "create_time", "create_by", "updated_time", "updated_by", "deleted", "commodity_sku_name") VALUES (10155952, 10272, '{10801,10802}', '{102732,102735}', 1, '2021-12-28 10:36:06.019', 1, '2021-12-28 10:36:06.019', 1, 0, '[测试]手提袋透明24#笑脸');
INSERT INTO "public"."commodity_sku" ("commodity_sku_id", "commodity_id", "commodity_spec_id", "commodity_spec_option_id", "revision", "create_time", "create_by", "updated_time", "updated_by", "deleted", "commodity_sku_name") VALUES (10155959, 10272, '{10800,10802}', '{102728,102734}', 1, '2021-12-28 10:36:12.125', 1, '2021-12-28 10:36:12.125', 1, 0, '[测试]手提袋1斤装20#笑脸');
INSERT INTO "public"."commodity_sku" ("commodity_sku_id", "commodity_id", "commodity_spec_id", "commodity_spec_option_id", "revision", "create_time", "create_by", "updated_time", "updated_by", "deleted", "commodity_sku_name") VALUES (10155958, 10272, '{10801,10802}', '{102733,102737}', 1, '2021-12-28 10:36:06.019', 1, '2021-12-28 10:36:06.019', 1, 0, '[测试]手提袋黑色30#笑脸');
INSERT INTO "public"."commodity_sku" ("commodity_sku_id", "commodity_id", "commodity_spec_id", "commodity_spec_option_id", "revision", "create_time", "create_by", "updated_time", "updated_by", "deleted", "commodity_sku_name") VALUES (10155957, 10272, '{10801,10802}', '{102733,102736}', 1, '2021-12-28 10:36:06.019', 1, '2021-12-28 10:36:06.019', 1, 0, '[测试]手提袋黑色26#笑脸');
INSERT INTO "public"."commodity_sku" ("commodity_sku_id", "commodity_id", "commodity_spec_id", "commodity_spec_option_id", "revision", "create_time", "create_by", "updated_time", "updated_by", "deleted", "commodity_sku_name") VALUES (10155956, 10272, '{10801,10802}', '{102733,102735}', 1, '2021-12-28 10:36:06.019', 1, '2021-12-28 10:36:06.019', 1, 0, '[测试]手提袋黑色24#笑脸');
INSERT INTO "public"."commodity_sku" ("commodity_sku_id", "commodity_id", "commodity_spec_id", "commodity_spec_option_id", "revision", "create_time", "create_by", "updated_time", "updated_by", "deleted", "commodity_sku_name") VALUES (10155955, 10272, '{10801,10802}', '{102733,102734}', 1, '2021-12-28 10:36:06.019', 1, '2021-12-28 10:36:06.019', 1, 0, '[测试]手提袋黑色20#笑脸');
INSERT INTO "public"."commodity_sku" ("commodity_sku_id", "commodity_id", "commodity_spec_id", "commodity_spec_option_id", "revision", "create_time", "create_by", "updated_time", "updated_by", "deleted", "commodity_sku_name") VALUES (10155954, 10272, '{10801,10802}', '{102732,102737}', 1, '2021-12-28 10:36:06.019', 1, '2021-12-28 10:36:06.019', 1, 0, '[测试]手提袋透明30#笑脸');
INSERT INTO "public"."commodity_sku" ("commodity_sku_id", "commodity_id", "commodity_spec_id", "commodity_spec_option_id", "revision", "create_time", "create_by", "updated_time", "updated_by", "deleted", "commodity_sku_name") VALUES (10155907, 10272, '{10800,10801,10802}', '{102728,102733,102734}', 1, '2021-12-28 10:35:46.873', 1, '2021-12-28 10:35:46.873', 1, 0, '[测试]手提袋1斤装黑色20#笑脸');
INSERT INTO "public"."commodity_sku" ("commodity_sku_id", "commodity_id", "commodity_spec_id", "commodity_spec_option_id", "revision", "create_time", "create_by", "updated_time", "updated_by", "deleted", "commodity_sku_name") VALUES (10155908, 10272, '{10800,10801,10802}', '{102728,102733,102735}', 1, '2021-12-28 10:35:46.873', 1, '2021-12-28 10:35:46.873', 1, 0, '[测试]手提袋1斤装黑色24#笑脸');
INSERT INTO "public"."commodity_sku" ("commodity_sku_id", "commodity_id", "commodity_spec_id", "commodity_spec_option_id", "revision", "create_time", "create_by", "updated_time", "updated_by", "deleted", "commodity_sku_name") VALUES (10155909, 10272, '{10800,10801,10802}', '{102728,102733,102736}', 1, '2021-12-28 10:35:46.873', 1, '2021-12-28 10:35:46.873', 1, 0, '[测试]手提袋1斤装黑色26#笑脸');
INSERT INTO "public"."commodity_sku" ("commodity_sku_id", "commodity_id", "commodity_spec_id", "commodity_spec_option_id", "revision", "create_time", "create_by", "updated_time", "updated_by", "deleted", "commodity_sku_name") VALUES (10155910, 10272, '{10800,10801,10802}', '{102728,102733,102737}', 1, '2021-12-28 10:35:46.873', 1, '2021-12-28 10:35:46.873', 1, 0, '[测试]手提袋1斤装黑色30#笑脸');
INSERT INTO "public"."commodity_sku" ("commodity_sku_id", "commodity_id", "commodity_spec_id", "commodity_spec_option_id", "revision", "create_time", "create_by", "updated_time", "updated_by", "deleted", "commodity_sku_name") VALUES (10155911, 10272, '{10800,10801,10802}', '{102729,102731,102734}', 1, '2021-12-28 10:35:46.873', 1, '2021-12-28 10:35:46.873', 1, 0, '[测试]手提袋3斤装红色20#笑脸');
INSERT INTO "public"."commodity_sku" ("commodity_sku_id", "commodity_id", "commodity_spec_id", "commodity_spec_option_id", "revision", "create_time", "create_by", "updated_time", "updated_by", "deleted", "commodity_sku_name") VALUES (10155912, 10272, '{10800,10801,10802}', '{102729,102731,102735}', 1, '2021-12-28 10:35:46.873', 1, '2021-12-28 10:35:46.873', 1, 0, '[测试]手提袋3斤装红色24#笑脸');
INSERT INTO "public"."commodity_sku" ("commodity_sku_id", "commodity_id", "commodity_spec_id", "commodity_spec_option_id", "revision", "create_time", "create_by", "updated_time", "updated_by", "deleted", "commodity_sku_name") VALUES (10155947, 10272, '{10801,10802}', '{102731,102734}', 1, '2021-12-28 10:36:06.019', 1, '2021-12-28 10:36:06.019', 1, 0, '[测试]手提袋红色20#笑脸');
INSERT INTO "public"."commodity_sku" ("commodity_sku_id", "commodity_id", "commodity_spec_id", "commodity_spec_option_id", "revision", "create_time", "create_by", "updated_time", "updated_by", "deleted", "commodity_sku_name") VALUES (10155949, 10272, '{10801,10802}', '{102731,102736}', 1, '2021-12-28 10:36:06.019', 1, '2021-12-28 10:36:06.019', 1, 0, '[测试]手提袋红色26#笑脸');
INSERT INTO "public"."commodity_sku" ("commodity_sku_id", "commodity_id", "commodity_spec_id", "commodity_spec_option_id", "revision", "create_time", "create_by", "updated_time", "updated_by", "deleted", "commodity_sku_name") VALUES (10155906, 10272, '{10800,10801,10802}', '{102728,102732,102737}', 1, '2021-12-28 10:35:46.873', 1, '2021-12-28 10:35:46.873', 1, 0, '[测试]手提袋1斤装透明30#笑脸');
INSERT INTO "public"."commodity_sku" ("commodity_sku_id", "commodity_id", "commodity_spec_id", "commodity_spec_option_id", "revision", "create_time", "create_by", "updated_time", "updated_by", "deleted", "commodity_sku_name") VALUES (10155905, 10272, '{10800,10801,10802}', '{102728,102732,102736}', 1, '2021-12-28 10:35:46.873', 1, '2021-12-28 10:35:46.873', 1, 0, '[测试]手提袋1斤装透明26#笑脸');
INSERT INTO "public"."commodity_sku" ("commodity_sku_id", "commodity_id", "commodity_spec_id", "commodity_spec_option_id", "revision", "create_time", "create_by", "updated_time", "updated_by", "deleted", "commodity_sku_name") VALUES (10155904, 10272, '{10800,10801,10802}', '{102728,102732,102735}', 1, '2021-12-28 10:35:46.873', 1, '2021-12-28 10:35:46.873', 1, 0, '[测试]手提袋1斤装透明24#笑脸');
INSERT INTO "public"."commodity_sku" ("commodity_sku_id", "commodity_id", "commodity_spec_id", "commodity_spec_option_id", "revision", "create_time", "create_by", "updated_time", "updated_by", "deleted", "commodity_sku_name") VALUES (10155903, 10272, '{10800,10801,10802}', '{102728,102732,102734}', 1, '2021-12-28 10:35:46.873', 1, '2021-12-28 10:35:46.873', 1, 0, '[测试]手提袋1斤装透明20#笑脸');
INSERT INTO "public"."commodity_sku" ("commodity_sku_id", "commodity_id", "commodity_spec_id", "commodity_spec_option_id", "revision", "create_time", "create_by", "updated_time", "updated_by", "deleted", "commodity_sku_name") VALUES (10155902, 10272, '{10800,10801,10802}', '{102728,102731,102737}', 1, '2021-12-28 10:35:46.873', 1, '2021-12-28 10:35:46.873', 1, 0, '[测试]手提袋1斤装红色30#笑脸');
INSERT INTO "public"."commodity_sku" ("commodity_sku_id", "commodity_id", "commodity_spec_id", "commodity_spec_option_id", "revision", "create_time", "create_by", "updated_time", "updated_by", "deleted", "commodity_sku_name") VALUES (10155901, 10272, '{10800,10801,10802}', '{102728,102731,102736}', 1, '2021-12-28 10:35:46.873', 1, '2021-12-28 10:35:46.873', 1, 0, '[测试]手提袋1斤装红色26#笑脸');
INSERT INTO "public"."commodity_sku" ("commodity_sku_id", "commodity_id", "commodity_spec_id", "commodity_spec_option_id", "revision", "create_time", "create_by", "updated_time", "updated_by", "deleted", "commodity_sku_name") VALUES (10155900, 10272, '{10800,10801,10802}', '{102728,102731,102735}', 1, '2021-12-28 10:35:46.873', 1, '2021-12-28 10:35:46.873', 1, 0, '[测试]手提袋1斤装红色24#笑脸');
INSERT INTO "public"."commodity_sku" ("commodity_sku_id", "commodity_id", "commodity_spec_id", "commodity_spec_option_id", "revision", "create_time", "create_by", "updated_time", "updated_by", "deleted", "commodity_sku_name") VALUES (10155899, 10272, '{10800,10801,10802}', '{102728,102731,102734}', 1, '2021-12-28 10:35:46.873', 1, '2021-12-28 10:35:46.873', 1, 0, '[测试]手提袋1斤装红色20#笑脸');
INSERT INTO "public"."commodity_sku" ("commodity_sku_id", "commodity_id", "commodity_spec_id", "commodity_spec_option_id", "revision", "create_time", "create_by", "updated_time", "updated_by", "deleted", "commodity_sku_name") VALUES (10155913, 10272, '{10800,10801,10802}', '{102729,102731,102736}', 1, '2021-12-28 10:35:46.873', 1, '2021-12-28 10:35:46.873', 1, 0, '[测试]手提袋3斤装红色26#笑脸');
INSERT INTO "public"."commodity_sku" ("commodity_sku_id", "commodity_id", "commodity_spec_id", "commodity_spec_option_id", "revision", "create_time", "create_by", "updated_time", "updated_by", "deleted", "commodity_sku_name") VALUES (10155914, 10272, '{10800,10801,10802}', '{102729,102731,102737}', 1, '2021-12-28 10:35:46.873', 1, '2021-12-28 10:35:46.873', 1, 0, '[测试]手提袋3斤装红色30#笑脸');
INSERT INTO "public"."commodity_sku" ("commodity_sku_id", "commodity_id", "commodity_spec_id", "commodity_spec_option_id", "revision", "create_time", "create_by", "updated_time", "updated_by", "deleted", "commodity_sku_name") VALUES (10155915, 10272, '{10800,10801,10802}', '{102729,102732,102734}', 1, '2021-12-28 10:35:46.873', 1, '2021-12-28 10:35:46.873', 1, 0, '[测试]手提袋3斤装透明20#笑脸');
INSERT INTO "public"."commodity_sku" ("commodity_sku_id", "commodity_id", "commodity_spec_id", "commodity_spec_option_id", "revision", "create_time", "create_by", "updated_time", "updated_by", "deleted", "commodity_sku_name") VALUES (10155916, 10272, '{10800,10801,10802}', '{102729,102732,102735}', 1, '2021-12-28 10:35:46.873', 1, '2021-12-28 10:35:46.873', 1, 0, '[测试]手提袋3斤装透明24#笑脸');
INSERT INTO "public"."commodity_sku" ("commodity_sku_id", "commodity_id", "commodity_spec_id", "commodity_spec_option_id", "revision", "create_time", "create_by", "updated_time", "updated_by", "deleted", "commodity_sku_name") VALUES (10155917, 10272, '{10800,10801,10802}', '{102729,102732,102736}', 1, '2021-12-28 10:35:46.873', 1, '2021-12-28 10:35:46.873', 1, 0, '[测试]手提袋3斤装透明26#笑脸');
INSERT INTO "public"."commodity_sku" ("commodity_sku_id", "commodity_id", "commodity_spec_id", "commodity_spec_option_id", "revision", "create_time", "create_by", "updated_time", "updated_by", "deleted", "commodity_sku_name") VALUES (10155918, 10272, '{10800,10801,10802}', '{102729,102732,102737}', 1, '2021-12-28 10:35:46.873', 1, '2021-12-28 10:35:46.873', 1, 0, '[测试]手提袋3斤装透明30#笑脸');
INSERT INTO "public"."commodity_sku" ("commodity_sku_id", "commodity_id", "commodity_spec_id", "commodity_spec_option_id", "revision", "create_time", "create_by", "updated_time", "updated_by", "deleted", "commodity_sku_name") VALUES (10155919, 10272, '{10800,10801,10802}', '{102729,102733,102734}', 1, '2021-12-28 10:35:46.873', 1, '2021-12-28 10:35:46.873', 1, 0, '[测试]手提袋3斤装黑色20#笑脸');
INSERT INTO "public"."commodity_sku" ("commodity_sku_id", "commodity_id", "commodity_spec_id", "commodity_spec_option_id", "revision", "create_time", "create_by", "updated_time", "updated_by", "deleted", "commodity_sku_name") VALUES (10155920, 10272, '{10800,10801,10802}', '{102729,102733,102735}', 1, '2021-12-28 10:35:46.873', 1, '2021-12-28 10:35:46.873', 1, 0, '[测试]手提袋3斤装黑色24#笑脸');
INSERT INTO "public"."commodity_sku" ("commodity_sku_id", "commodity_id", "commodity_spec_id", "commodity_spec_option_id", "revision", "create_time", "create_by", "updated_time", "updated_by", "deleted", "commodity_sku_name") VALUES (10155921, 10272, '{10800,10801,10802}', '{102729,102733,102736}', 1, '2021-12-28 10:35:46.873', 1, '2021-12-28 10:35:46.873', 1, 0, '[测试]手提袋3斤装黑色26#笑脸');
INSERT INTO "public"."commodity_sku" ("commodity_sku_id", "commodity_id", "commodity_spec_id", "commodity_spec_option_id", "revision", "create_time", "create_by", "updated_time", "updated_by", "deleted", "commodity_sku_name") VALUES (10155953, 10272, '{10801,10802}', '{102732,102736}', 1, '2021-12-28 10:36:06.019', 1, '2021-12-28 10:36:06.019', 1, 0, '[测试]手提袋透明26#笑脸');
INSERT INTO "public"."commodity_sku" ("commodity_sku_id", "commodity_id", "commodity_spec_id", "commodity_spec_option_id", "revision", "create_time", "create_by", "updated_time", "updated_by", "deleted", "commodity_sku_name") VALUES (10155922, 10272, '{10800,10801,10802}', '{102729,102733,102737}', 1, '2021-12-28 10:35:46.873', 1, '2021-12-28 10:35:46.873', 1, 0, '[测试]手提袋3斤装黑色30#笑脸');
INSERT INTO "public"."commodity_sku" ("commodity_sku_id", "commodity_id", "commodity_spec_id", "commodity_spec_option_id", "revision", "create_time", "create_by", "updated_time", "updated_by", "deleted", "commodity_sku_name") VALUES (10155923, 10272, '{10800,10801,10802}', '{102730,102731,102734}', 1, '2021-12-28 10:35:46.873', 1, '2021-12-28 10:35:46.873', 1, 0, '[测试]手提袋5斤装红色20#笑脸');
INSERT INTO "public"."commodity_sku" ("commodity_sku_id", "commodity_id", "commodity_spec_id", "commodity_spec_option_id", "revision", "create_time", "create_by", "updated_time", "updated_by", "deleted", "commodity_sku_name") VALUES (10155924, 10272, '{10800,10801,10802}', '{102730,102731,102735}', 1, '2021-12-28 10:35:46.873', 1, '2021-12-28 10:35:46.873', 1, 0, '[测试]手提袋5斤装红色24#笑脸');
INSERT INTO "public"."commodity_sku" ("commodity_sku_id", "commodity_id", "commodity_spec_id", "commodity_spec_option_id", "revision", "create_time", "create_by", "updated_time", "updated_by", "deleted", "commodity_sku_name") VALUES (10155925, 10272, '{10800,10801,10802}', '{102730,102731,102736}', 1, '2021-12-28 10:35:46.873', 1, '2021-12-28 10:35:46.873', 1, 0, '[测试]手提袋5斤装红色26#笑脸');
INSERT INTO "public"."commodity_sku" ("commodity_sku_id", "commodity_id", "commodity_spec_id", "commodity_spec_option_id", "revision", "create_time", "create_by", "updated_time", "updated_by", "deleted", "commodity_sku_name") VALUES (10155926, 10272, '{10800,10801,10802}', '{102730,102731,102737}', 1, '2021-12-28 10:35:46.873', 1, '2021-12-28 10:35:46.873', 1, 0, '[测试]手提袋5斤装红色30#笑脸');
INSERT INTO "public"."commodity_sku" ("commodity_sku_id", "commodity_id", "commodity_spec_id", "commodity_spec_option_id", "revision", "create_time", "create_by", "updated_time", "updated_by", "deleted", "commodity_sku_name") VALUES (10155927, 10272, '{10800,10801,10802}', '{102730,102732,102734}', 1, '2021-12-28 10:35:46.874', 1, '2021-12-28 10:35:46.874', 1, 0, '[测试]手提袋5斤装透明20#笑脸');
INSERT INTO "public"."commodity_sku" ("commodity_sku_id", "commodity_id", "commodity_spec_id", "commodity_spec_option_id", "revision", "create_time", "create_by", "updated_time", "updated_by", "deleted", "commodity_sku_name") VALUES (10155928, 10272, '{10800,10801,10802}', '{102730,102732,102735}', 1, '2021-12-28 10:35:46.874', 1, '2021-12-28 10:35:46.874', 1, 0, '[测试]手提袋5斤装透明24#笑脸');
INSERT INTO "public"."commodity_sku" ("commodity_sku_id", "commodity_id", "commodity_spec_id", "commodity_spec_option_id", "revision", "create_time", "create_by", "updated_time", "updated_by", "deleted", "commodity_sku_name") VALUES (10155929, 10272, '{10800,10801,10802}', '{102730,102732,102736}', 1, '2021-12-28 10:35:46.874', 1, '2021-12-28 10:35:46.874', 1, 0, '[测试]手提袋5斤装透明26#笑脸');
INSERT INTO "public"."commodity_sku" ("commodity_sku_id", "commodity_id", "commodity_spec_id", "commodity_spec_option_id", "revision", "create_time", "create_by", "updated_time", "updated_by", "deleted", "commodity_sku_name") VALUES (10155930, 10272, '{10800,10801,10802}', '{102730,102732,102737}', 1, '2021-12-28 10:35:46.874', 1, '2021-12-28 10:35:46.874', 1, 0, '[测试]手提袋5斤装透明30#笑脸');
INSERT INTO "public"."commodity_sku" ("commodity_sku_id", "commodity_id", "commodity_spec_id", "commodity_spec_option_id", "revision", "create_time", "create_by", "updated_time", "updated_by", "deleted", "commodity_sku_name") VALUES (10155931, 10272, '{10800,10801,10802}', '{102730,102733,102734}', 1, '2021-12-28 10:35:46.874', 1, '2021-12-28 10:35:46.874', 1, 0, '[测试]手提袋5斤装黑色20#笑脸');
INSERT INTO "public"."commodity_sku" ("commodity_sku_id", "commodity_id", "commodity_spec_id", "commodity_spec_option_id", "revision", "create_time", "create_by", "updated_time", "updated_by", "deleted", "commodity_sku_name") VALUES (10155932, 10272, '{10800,10801,10802}', '{102730,102733,102735}', 1, '2021-12-28 10:35:46.874', 1, '2021-12-28 10:35:46.874', 1, 0, '[测试]手提袋5斤装黑色24#笑脸');
INSERT INTO "public"."commodity_sku" ("commodity_sku_id", "commodity_id", "commodity_spec_id", "commodity_spec_option_id", "revision", "create_time", "create_by", "updated_time", "updated_by", "deleted", "commodity_sku_name") VALUES (10155933, 10272, '{10800,10801,10802}', '{102730,102733,102736}', 1, '2021-12-28 10:35:46.874', 1, '2021-12-28 10:35:46.874', 1, 0, '[测试]手提袋5斤装黑色26#笑脸');
INSERT INTO "public"."commodity_sku" ("commodity_sku_id", "commodity_id", "commodity_spec_id", "commodity_spec_option_id", "revision", "create_time", "create_by", "updated_time", "updated_by", "deleted", "commodity_sku_name") VALUES (10155934, 10272, '{10800,10801,10802}', '{102730,102733,102737}', 1, '2021-12-28 10:35:46.874', 1, '2021-12-28 10:35:46.874', 1, 0, '[测试]手提袋5斤装黑色30#笑脸');
INSERT INTO "public"."commodity_sku" ("commodity_sku_id", "commodity_id", "commodity_spec_id", "commodity_spec_option_id", "revision", "create_time", "create_by", "updated_time", "updated_by", "deleted", "commodity_sku_name") VALUES (10155935, 10272, '{10800}', '{102728}', 1, '2021-12-28 10:35:52.589', 1, '2021-12-28 10:35:52.589', 1, 0, '[测试]手提袋1斤装');
INSERT INTO "public"."commodity_sku" ("commodity_sku_id", "commodity_id", "commodity_spec_id", "commodity_spec_option_id", "revision", "create_time", "create_by", "updated_time", "updated_by", "deleted", "commodity_sku_name") VALUES (10155936, 10272, '{10800}', '{102729}', 1, '2021-12-28 10:35:52.589', 1, '2021-12-28 10:35:52.589', 1, 0, '[测试]手提袋3斤装');
INSERT INTO "public"."commodity_sku" ("commodity_sku_id", "commodity_id", "commodity_spec_id", "commodity_spec_option_id", "revision", "create_time", "create_by", "updated_time", "updated_by", "deleted", "commodity_sku_name") VALUES (10155937, 10272, '{10800}', '{102730}', 1, '2021-12-28 10:35:52.589', 1, '2021-12-28 10:35:52.589', 1, 0, '[测试]手提袋5斤装');
INSERT INTO "public"."commodity_sku" ("commodity_sku_id", "commodity_id", "commodity_spec_id", "commodity_spec_option_id", "revision", "create_time", "create_by", "updated_time", "updated_by", "deleted", "commodity_sku_name") VALUES (10155938, 10272, '{10800,10801}', '{102728,102731}', 1, '2021-12-28 10:35:59.192', 1, '2021-12-28 10:35:59.192', 1, 0, '[测试]手提袋1斤装红色');
INSERT INTO "public"."commodity_sku" ("commodity_sku_id", "commodity_id", "commodity_spec_id", "commodity_spec_option_id", "revision", "create_time", "create_by", "updated_time", "updated_by", "deleted", "commodity_sku_name") VALUES (10155939, 10272, '{10800,10801}', '{102728,102732}', 1, '2021-12-28 10:35:59.192', 1, '2021-12-28 10:35:59.192', 1, 0, '[测试]手提袋1斤装透明');
INSERT INTO "public"."commodity_sku" ("commodity_sku_id", "commodity_id", "commodity_spec_id", "commodity_spec_option_id", "revision", "create_time", "create_by", "updated_time", "updated_by", "deleted", "commodity_sku_name") VALUES (10155940, 10272, '{10800,10801}', '{102728,102733}', 1, '2021-12-28 10:35:59.192', 1, '2021-12-28 10:35:59.192', 1, 0, '[测试]手提袋1斤装黑色');
INSERT INTO "public"."commodity_sku" ("commodity_sku_id", "commodity_id", "commodity_spec_id", "commodity_spec_option_id", "revision", "create_time", "create_by", "updated_time", "updated_by", "deleted", "commodity_sku_name") VALUES (10155941, 10272, '{10800,10801}', '{102729,102731}', 1, '2021-12-28 10:35:59.192', 1, '2021-12-28 10:35:59.192', 1, 0, '[测试]手提袋3斤装红色');
INSERT INTO "public"."commodity_sku" ("commodity_sku_id", "commodity_id", "commodity_spec_id", "commodity_spec_option_id", "revision", "create_time", "create_by", "updated_time", "updated_by", "deleted", "commodity_sku_name") VALUES (10155942, 10272, '{10800,10801}', '{102729,102732}', 1, '2021-12-28 10:35:59.192', 1, '2021-12-28 10:35:59.192', 1, 0, '[测试]手提袋3斤装透明');
INSERT INTO "public"."commodity_sku" ("commodity_sku_id", "commodity_id", "commodity_spec_id", "commodity_spec_option_id", "revision", "create_time", "create_by", "updated_time", "updated_by", "deleted", "commodity_sku_name") VALUES (10155943, 10272, '{10800,10801}', '{102729,102733}', 1, '2021-12-28 10:35:59.192', 1, '2021-12-28 10:35:59.192', 1, 0, '[测试]手提袋3斤装黑色');
INSERT INTO "public"."commodity_sku" ("commodity_sku_id", "commodity_id", "commodity_spec_id", "commodity_spec_option_id", "revision", "create_time", "create_by", "updated_time", "updated_by", "deleted", "commodity_sku_name") VALUES (10155944, 10272, '{10800,10801}', '{102730,102731}', 1, '2021-12-28 10:35:59.192', 1, '2021-12-28 10:35:59.192', 1, 0, '[测试]手提袋5斤装红色');
INSERT INTO "public"."commodity_sku" ("commodity_sku_id", "commodity_id", "commodity_spec_id", "commodity_spec_option_id", "revision", "create_time", "create_by", "updated_time", "updated_by", "deleted", "commodity_sku_name") VALUES (10155945, 10272, '{10800,10801}', '{102730,102732}', 1, '2021-12-28 10:35:59.192', 1, '2021-12-28 10:35:59.192', 1, 0, '[测试]手提袋5斤装透明');
INSERT INTO "public"."commodity_sku" ("commodity_sku_id", "commodity_id", "commodity_spec_id", "commodity_spec_option_id", "revision", "create_time", "create_by", "updated_time", "updated_by", "deleted", "commodity_sku_name") VALUES (10155946, 10272, '{10800,10801}', '{102730,102733}', 1, '2021-12-28 10:35:59.192', 1, '2021-12-28 10:35:59.192', 1, 0, '[测试]手提袋5斤装黑色');
INSERT INTO "public"."commodity_sku" ("commodity_sku_id", "commodity_id", "commodity_spec_id", "commodity_spec_option_id", "revision", "create_time", "create_by", "updated_time", "updated_by", "deleted", "commodity_sku_name") VALUES (10155898, 10271, '{799}', '{102727}', 1, '2021-12-28 10:28:32.004', 1, '2021-12-28 10:28:32.004', 1, 0, '[测试]客户周转筐个');
INSERT INTO "public"."commodity_sku" ("commodity_sku_id", "commodity_id", "commodity_spec_id", "commodity_spec_option_id", "revision", "create_time", "create_by", "updated_time", "updated_by", "deleted", "commodity_sku_name") VALUES (10155897, 10270, '{798}', '{102726}', 1, '2021-12-28 10:24:36.879', 1, '2021-12-28 10:24:36.879', 1, 0, '[测试]自备周转筐个');




